local_id,parent_name,x,y,z
0,ctx-rh-lateralorbitofrontal,16.4566420469,48.5391466733,7.75627136297
1,ctx-rh-lateralorbitofrontal,16.4566420469,48.5391466733,7.75627136297
2,ctx-rh-lateralorbitofrontal,16.4566420469,48.5391466733,7.75627136297
3,ctx-rh-lateralorbitofrontal,16.4566420469,48.5391466733,7.75627136297
4,ctx-rh-lateralorbitofrontal,16.4566420469,48.5391466733,7.75627136297
5,ctx-rh-lateralorbitofrontal,16.4566420469,48.5391466733,7.75627136297
6,ctx-rh-lateralorbitofrontal,16.4566420469,48.5391466733,7.75627136297
7,ctx-rh-lateralorbitofrontal,16.4566420469,48.5391466733,7.75627136297
8,ctx-rh-lateralorbitofrontal,16.4566420469,48.5391466733,7.75627136297
9,ctx-rh-lateralorbitofrontal,16.4566420469,48.5391466733,7.75627136297
10,ctx-rh-lateralorbitofrontal,16.4566420469,48.5391466733,7.75627136297
11,ctx-rh-lateralorbitofrontal,16.4566420469,48.5391466733,7.75627136297
12,ctx-rh-medialorbitofrontal,3.60352535527,56.0269999824,8.16652324545
13,ctx-rh-medialorbitofrontal,3.60352535527,56.0269999824,8.16652324545
14,ctx-rh-medialorbitofrontal,3.60352535527,56.0269999824,8.16652324545
15,ctx-rh-medialorbitofrontal,3.60352535527,56.0269999824,8.16652324545
16,ctx-rh-medialorbitofrontal,3.60352535527,56.0269999824,8.16652324545
17,ctx-rh-parstriangularis,39.3197041944,45.5401738383,24.3410993254
18,ctx-rh-parstriangularis,39.3197041944,45.5401738383,24.3410993254
19,ctx-rh-parstriangularis,39.3197041944,45.5401738383,24.3410993254
20,ctx-rh-parstriangularis,39.3197041944,45.5401738383,24.3410993254
21,ctx-rh-parsopercularis,41.3588220128,25.9498191301,29.1619481996
22,ctx-rh-parsopercularis,41.3588220128,25.9498191301,29.1619481996
23,ctx-rh-parsopercularis,41.3588220128,25.9498191301,29.1619481996
24,ctx-rh-parsopercularis,41.3588220128,25.9498191301,29.1619481996
25,ctx-rh-parsopercularis,41.3588220128,25.9498191301,29.1619481996
26,ctx-rh-rostralmiddlefrontal,29.2237226745,55.0337533516,38.7848418091
27,ctx-rh-rostralmiddlefrontal,29.2237226745,55.0337533516,38.7848418091
28,ctx-rh-rostralmiddlefrontal,29.2237226745,55.0337533516,38.7848418091
29,ctx-rh-rostralmiddlefrontal,29.2237226745,55.0337533516,38.7848418091
30,ctx-rh-rostralmiddlefrontal,29.2237226745,55.0337533516,38.7848418091
31,ctx-rh-rostralmiddlefrontal,29.2237226745,55.0337533516,38.7848418091
32,ctx-rh-rostralmiddlefrontal,29.2237226745,55.0337533516,38.7848418091
33,ctx-rh-rostralmiddlefrontal,29.2237226745,55.0337533516,38.7848418091
34,ctx-rh-rostralmiddlefrontal,29.2237226745,55.0337533516,38.7848418091
35,ctx-rh-rostralmiddlefrontal,29.2237226745,55.0337533516,38.7848418091
36,ctx-rh-rostralmiddlefrontal,29.2237226745,55.0337533516,38.7848418091
37,ctx-rh-rostralmiddlefrontal,29.2237226745,55.0337533516,38.7848418091
38,ctx-rh-rostralmiddlefrontal,29.2237226745,55.0337533516,38.7848418091
39,ctx-rh-rostralmiddlefrontal,29.2237226745,55.0337533516,38.7848418091
40,ctx-rh-rostralmiddlefrontal,29.2237226745,55.0337533516,38.7848418091
41,ctx-rh-rostralmiddlefrontal,29.2237226745,55.0337533516,38.7848418091
42,ctx-rh-rostralmiddlefrontal,29.2237226745,55.0337533516,38.7848418091
43,ctx-rh-superiorfrontal,9.94754941317,41.0848953703,54.4431973883
44,ctx-rh-superiorfrontal,9.94754941317,41.0848953703,54.4431973883
45,ctx-rh-superiorfrontal,9.94754941317,41.0848953703,54.4431973883
46,ctx-rh-superiorfrontal,9.94754941317,41.0848953703,54.4431973883
47,ctx-rh-superiorfrontal,9.94754941317,41.0848953703,54.4431973883
48,ctx-rh-superiorfrontal,9.94754941317,41.0848953703,54.4431973883
49,ctx-rh-superiorfrontal,9.94754941317,41.0848953703,54.4431973883
50,ctx-rh-superiorfrontal,9.94754941317,41.0848953703,54.4431973883
51,ctx-rh-superiorfrontal,9.94754941317,41.0848953703,54.4431973883
52,ctx-rh-superiorfrontal,9.94754941317,41.0848953703,54.4431973883
53,ctx-rh-superiorfrontal,9.94754941317,41.0848953703,54.4431973883
54,ctx-rh-superiorfrontal,9.94754941317,41.0848953703,54.4431973883
55,ctx-rh-superiorfrontal,9.94754941317,41.0848953703,54.4431973883
56,ctx-rh-superiorfrontal,9.94754941317,41.0848953703,54.4431973883
57,ctx-rh-superiorfrontal,9.94754941317,41.0848953703,54.4431973883
58,ctx-rh-superiorfrontal,9.94754941317,41.0848953703,54.4431973883
59,ctx-rh-superiorfrontal,9.94754941317,41.0848953703,54.4431973883
60,ctx-rh-superiorfrontal,9.94754941317,41.0848953703,54.4431973883
61,ctx-rh-superiorfrontal,9.94754941317,41.0848953703,54.4431973883
62,ctx-rh-superiorfrontal,9.94754941317,41.0848953703,54.4431973883
63,ctx-rh-superiorfrontal,9.94754941317,41.0848953703,54.4431973883
64,ctx-rh-superiorfrontal,9.94754941317,41.0848953703,54.4431973883
65,ctx-rh-superiorfrontal,9.94754941317,41.0848953703,54.4431973883
66,ctx-rh-superiorfrontal,9.94754941317,41.0848953703,54.4431973883
67,ctx-rh-superiorfrontal,9.94754941317,41.0848953703,54.4431973883
68,ctx-rh-superiorfrontal,9.94754941317,41.0848953703,54.4431973883
69,ctx-rh-superiorfrontal,9.94754941317,41.0848953703,54.4431973883
70,ctx-rh-superiorfrontal,9.94754941317,41.0848953703,54.4431973883
71,ctx-rh-superiorfrontal,9.94754941317,41.0848953703,54.4431973883
72,ctx-rh-superiorfrontal,9.94754941317,41.0848953703,54.4431973883
73,ctx-rh-caudalmiddlefrontal,27.2244691937,22.3615543361,56.0356564362
74,ctx-rh-caudalmiddlefrontal,27.2244691937,22.3615543361,56.0356564362
75,ctx-rh-caudalmiddlefrontal,27.2244691937,22.3615543361,56.0356564362
76,ctx-rh-caudalmiddlefrontal,27.2244691937,22.3615543361,56.0356564362
77,ctx-rh-caudalmiddlefrontal,27.2244691937,22.3615543361,56.0356564362
78,ctx-rh-caudalmiddlefrontal,27.2244691937,22.3615543361,56.0356564362
79,ctx-rh-caudalmiddlefrontal,27.2244691937,22.3615543361,56.0356564362
80,ctx-rh-precentral,31.1100054239,-1.25265162988,53.7570564236
81,ctx-rh-precentral,31.1100054239,-1.25265162988,53.7570564236
82,ctx-rh-precentral,31.1100054239,-1.25265162988,53.7570564236
83,ctx-rh-precentral,31.1100054239,-1.25265162988,53.7570564236
84,ctx-rh-precentral,31.1100054239,-1.25265162988,53.7570564236
85,ctx-rh-precentral,31.1100054239,-1.25265162988,53.7570564236
86,ctx-rh-precentral,31.1100054239,-1.25265162988,53.7570564236
87,ctx-rh-precentral,31.1100054239,-1.25265162988,53.7570564236
88,ctx-rh-precentral,31.1100054239,-1.25265162988,53.7570564236
89,ctx-rh-precentral,31.1100054239,-1.25265162988,53.7570564236
90,ctx-rh-precentral,31.1100054239,-1.25265162988,53.7570564236
91,ctx-rh-precentral,31.1100054239,-1.25265162988,53.7570564236
92,ctx-rh-precentral,31.1100054239,-1.25265162988,53.7570564236
93,ctx-rh-precentral,31.1100054239,-1.25265162988,53.7570564236
94,ctx-rh-precentral,31.1100054239,-1.25265162988,53.7570564236
95,ctx-rh-precentral,31.1100054239,-1.25265162988,53.7570564236
96,ctx-rh-precentral,31.1100054239,-1.25265162988,53.7570564236
97,ctx-rh-precentral,31.1100054239,-1.25265162988,53.7570564236
98,ctx-rh-precentral,31.1100054239,-1.25265162988,53.7570564236
99,ctx-rh-paracentral,8.05301040746,-19.0644775791,56.1498752574
100,ctx-rh-paracentral,8.05301040746,-19.0644775791,56.1498752574
101,ctx-rh-paracentral,8.05301040746,-19.0644775791,56.1498752574
102,ctx-rh-paracentral,8.05301040746,-19.0644775791,56.1498752574
103,ctx-rh-paracentral,8.05301040746,-19.0644775791,56.1498752574
104,ctx-rh-rostralanteriorcingulate,4.25705999865,53.4596535592,22.6205491499
105,ctx-rh-rostralanteriorcingulate,4.25705999865,53.4596535592,22.6205491499
106,ctx-rh-rostralanteriorcingulate,4.25705999865,53.4596535592,22.6205491499
107,ctx-rh-rostralanteriorcingulate,4.25705999865,53.4596535592,22.6205491499
108,ctx-rh-caudalanteriorcingulate,4.71622793001,29.3392461229,40.0628081567
109,ctx-rh-caudalanteriorcingulate,4.71622793001,29.3392461229,40.0628081567
110,ctx-rh-caudalanteriorcingulate,4.71622793001,29.3392461229,40.0628081567
111,ctx-rh-caudalanteriorcingulate,4.71622793001,29.3392461229,40.0628081567
112,ctx-rh-caudalanteriorcingulate,4.71622793001,29.3392461229,40.0628081567
113,ctx-rh-caudalanteriorcingulate,4.71622793001,29.3392461229,40.0628081567
114,ctx-rh-posteriorcingulate,5.80588441123,-8.58272652518,43.5352080783
115,ctx-rh-posteriorcingulate,5.80588441123,-8.58272652518,43.5352080783
116,ctx-rh-posteriorcingulate,5.80588441123,-8.58272652518,43.5352080783
117,ctx-rh-posteriorcingulate,5.80588441123,-8.58272652518,43.5352080783
118,ctx-rh-posteriorcingulate,5.80588441123,-8.58272652518,43.5352080783
119,ctx-rh-posteriorcingulate,5.80588441123,-8.58272652518,43.5352080783
120,ctx-rh-posteriorcingulate,5.80588441123,-8.58272652518,43.5352080783
121,ctx-rh-posteriorcingulate,5.80588441123,-8.58272652518,43.5352080783
122,ctx-rh-isthmuscingulate,6.42242582448,-30.3992359472,24.9054807297
123,ctx-rh-isthmuscingulate,6.42242582448,-30.3992359472,24.9054807297
124,ctx-rh-isthmuscingulate,6.42242582448,-30.3992359472,24.9054807297
125,ctx-rh-isthmuscingulate,6.42242582448,-30.3992359472,24.9054807297
126,ctx-rh-postcentral,34.556060968,-14.7522883453,50.9379367032
127,ctx-rh-postcentral,34.556060968,-14.7522883453,50.9379367032
128,ctx-rh-postcentral,34.556060968,-14.7522883453,50.9379367032
129,ctx-rh-postcentral,34.556060968,-14.7522883453,50.9379367032
130,ctx-rh-postcentral,34.556060968,-14.7522883453,50.9379367032
131,ctx-rh-postcentral,34.556060968,-14.7522883453,50.9379367032
132,ctx-rh-postcentral,34.556060968,-14.7522883453,50.9379367032
133,ctx-rh-postcentral,34.556060968,-14.7522883453,50.9379367032
134,ctx-rh-postcentral,34.556060968,-14.7522883453,50.9379367032
135,ctx-rh-supramarginal,44.5665942106,-26.5117194547,40.0997253039
136,ctx-rh-supramarginal,44.5665942106,-26.5117194547,40.0997253039
137,ctx-rh-supramarginal,44.5665942106,-26.5117194547,40.0997253039
138,ctx-rh-supramarginal,44.5665942106,-26.5117194547,40.0997253039
139,ctx-rh-supramarginal,44.5665942106,-26.5117194547,40.0997253039
140,ctx-rh-supramarginal,44.5665942106,-26.5117194547,40.0997253039
141,ctx-rh-superiorparietal,21.5557797714,-51.2858022753,49.8241477731
142,ctx-rh-superiorparietal,21.5557797714,-51.2858022753,49.8241477731
143,ctx-rh-superiorparietal,21.5557797714,-51.2858022753,49.8241477731
144,ctx-rh-superiorparietal,21.5557797714,-51.2858022753,49.8241477731
145,ctx-rh-superiorparietal,21.5557797714,-51.2858022753,49.8241477731
146,ctx-rh-superiorparietal,21.5557797714,-51.2858022753,49.8241477731
147,ctx-rh-superiorparietal,21.5557797714,-51.2858022753,49.8241477731
148,ctx-rh-superiorparietal,21.5557797714,-51.2858022753,49.8241477731
149,ctx-rh-superiorparietal,21.5557797714,-51.2858022753,49.8241477731
150,ctx-rh-superiorparietal,21.5557797714,-51.2858022753,49.8241477731
151,ctx-rh-superiorparietal,21.5557797714,-51.2858022753,49.8241477731
152,ctx-rh-superiorparietal,21.5557797714,-51.2858022753,49.8241477731
153,ctx-rh-inferiorparietal,38.9868984688,-53.4940644396,33.9346587325
154,ctx-rh-inferiorparietal,38.9868984688,-53.4940644396,33.9346587325
155,ctx-rh-inferiorparietal,38.9868984688,-53.4940644396,33.9346587325
156,ctx-rh-inferiorparietal,38.9868984688,-53.4940644396,33.9346587325
157,ctx-rh-inferiorparietal,38.9868984688,-53.4940644396,33.9346587325
158,ctx-rh-inferiorparietal,38.9868984688,-53.4940644396,33.9346587325
159,ctx-rh-inferiorparietal,38.9868984688,-53.4940644396,33.9346587325
160,ctx-rh-inferiorparietal,38.9868984688,-53.4940644396,33.9346587325
161,ctx-rh-precuneus,10.4267265856,-46.0561336772,39.1165022173
162,ctx-rh-precuneus,10.4267265856,-46.0561336772,39.1165022173
163,ctx-rh-precuneus,10.4267265856,-46.0561336772,39.1165022173
164,ctx-rh-precuneus,10.4267265856,-46.0561336772,39.1165022173
165,ctx-rh-precuneus,10.4267265856,-46.0561336772,39.1165022173
166,ctx-rh-precuneus,10.4267265856,-46.0561336772,39.1165022173
167,ctx-rh-precuneus,10.4267265856,-46.0561336772,39.1165022173
168,ctx-rh-precuneus,10.4267265856,-46.0561336772,39.1165022173
169,ctx-rh-precuneus,10.4267265856,-46.0561336772,39.1165022173
170,ctx-rh-pericalcarine,11.1813507871,-65.1413921392,11.3224002047
171,ctx-rh-pericalcarine,11.1813507871,-65.1413921392,11.3224002047
172,ctx-rh-pericalcarine,11.1813507871,-65.1413921392,11.3224002047
173,ctx-rh-lateraloccipital,28.9215269349,-70.6473034547,3.88919071531
174,ctx-rh-lateraloccipital,28.9215269349,-70.6473034547,3.88919071531
175,ctx-rh-lateraloccipital,28.9215269349,-70.6473034547,3.88919071531
176,ctx-rh-lateraloccipital,28.9215269349,-70.6473034547,3.88919071531
177,ctx-rh-lateraloccipital,28.9215269349,-70.6473034547,3.88919071531
178,ctx-rh-lateraloccipital,28.9215269349,-70.6473034547,3.88919071531
179,ctx-rh-lateraloccipital,28.9215269349,-70.6473034547,3.88919071531
180,ctx-rh-lateraloccipital,28.9215269349,-70.6473034547,3.88919071531
181,ctx-rh-lateraloccipital,28.9215269349,-70.6473034547,3.88919071531
182,ctx-rh-lateraloccipital,28.9215269349,-70.6473034547,3.88919071531
183,ctx-rh-lateraloccipital,28.9215269349,-70.6473034547,3.88919071531
184,ctx-rh-lingual,11.6312252832,-54.2722513111,2.49657519365
185,ctx-rh-fusiform,31.7005805935,-27.5450154508,-5.60129178889
186,ctx-rh-fusiform,31.7005805935,-27.5450154508,-5.60129178889
187,ctx-rh-fusiform,31.7005805935,-27.5450154508,-5.60129178889
188,ctx-rh-fusiform,31.7005805935,-27.5450154508,-5.60129178889
189,ctx-rh-fusiform,31.7005805935,-27.5450154508,-5.60129178889
190,ctx-rh-parahippocampal,21.1942406841,-15.3937633175,-1.9074891628
191,ctx-rh-parahippocampal,21.1942406841,-15.3937633175,-1.9074891628
192,ctx-rh-entorhinal,18.5568910439,8.05680120887,-10.1864500367
193,ctx-rh-inferiortemporal,41.106136476,-13.0569777048,-7.61822857307
194,ctx-rh-inferiortemporal,41.106136476,-13.0569777048,-7.61822857307
195,ctx-rh-inferiortemporal,41.106136476,-13.0569777048,-7.61822857307
196,ctx-rh-inferiortemporal,41.106136476,-13.0569777048,-7.61822857307
197,ctx-rh-inferiortemporal,41.106136476,-13.0569777048,-7.61822857307
198,ctx-rh-inferiortemporal,41.106136476,-13.0569777048,-7.61822857307
199,ctx-rh-middletemporal,48.8105143504,-6.15716724429,0.849614453138
200,ctx-rh-middletemporal,48.8105143504,-6.15716724429,0.849614453138
201,ctx-rh-middletemporal,48.8105143504,-6.15716724429,0.849614453138
202,ctx-rh-middletemporal,48.8105143504,-6.15716724429,0.849614453138
203,ctx-rh-middletemporal,48.8105143504,-6.15716724429,0.849614453138
204,ctx-rh-bankssts,49.8277160313,-26.7832302707,16.9221271225
205,ctx-rh-bankssts,49.8277160313,-26.7832302707,16.9221271225
206,ctx-rh-bankssts,49.8277160313,-26.7832302707,16.9221271225
207,ctx-rh-superiortemporal,44.3803490664,3.91030070309,13.6127891813
208,ctx-rh-superiortemporal,44.3803490664,3.91030070309,13.6127891813
209,ctx-rh-superiortemporal,44.3803490664,3.91030070309,13.6127891813
210,ctx-rh-superiortemporal,44.3803490664,3.91030070309,13.6127891813
211,ctx-rh-superiortemporal,44.3803490664,3.91030070309,13.6127891813
212,ctx-rh-insula,28.1434868123,11.8159766666,18.524572984
213,ctx-rh-insula,28.1434868123,11.8159766666,18.524572984
214,ctx-rh-insula,28.1434868123,11.8159766666,18.524572984
215,ctx-rh-insula,28.1434868123,11.8159766666,18.524572984
216,ctx-rh-insula,28.1434868123,11.8159766666,18.524572984
217,ctx-rh-insula,28.1434868123,11.8159766666,18.524572984
218,ctx-rh-insula,28.1434868123,11.8159766666,18.524572984
219,ctx-rh-insula,28.1434868123,11.8159766666,18.524572984
220,ctx-rh-insula,28.1434868123,11.8159766666,18.524572984
221,ctx-rh-insula,28.1434868123,11.8159766666,18.524572984
222,ctx-rh-insula,28.1434868123,11.8159766666,18.524572984
223,ctx-rh-insula,28.1434868123,11.8159766666,18.524572984
224,ctx-rh-insula,28.1434868123,11.8159766666,18.524572984
225,ctx-rh-insula,28.1434868123,11.8159766666,18.524572984
226,ctx-rh-insula,28.1434868123,11.8159766666,18.524572984
227,ctx-rh-insula,28.1434868123,11.8159766666,18.524572984
228,Right-Thalamus-Proper,9.0401441555,-6.69176680819,18.8959364452
229,Right-Caudate,11.0588924563,15.314295204,28.0253288556
230,Right-Putamen,19.6240192563,14.5570071378,17.9801181615
231,Right-Pallidum,13.6113877116,9.30966286048,15.207931
232,Right-Accumbens-area,2.96879631959,23.2734543491,9.78241473379
233,Right-Hippocampus,19.8646431814,-8.82998797933,4.67885285943
234,Right-Amygdala,15.7558061042,13.868348589,-0.176427407968
235,ctx-lh-lateralorbitofrontal,-19.7832410289,47.0317004025,6.8417133202
236,ctx-lh-lateralorbitofrontal,-19.7832410289,47.0317004025,6.8417133202
237,ctx-lh-lateralorbitofrontal,-19.7832410289,47.0317004025,6.8417133202
238,ctx-lh-lateralorbitofrontal,-19.7832410289,47.0317004025,6.8417133202
239,ctx-lh-lateralorbitofrontal,-19.7832410289,47.0317004025,6.8417133202
240,ctx-lh-lateralorbitofrontal,-19.7832410289,47.0317004025,6.8417133202
241,ctx-lh-lateralorbitofrontal,-19.7832410289,47.0317004025,6.8417133202
242,ctx-lh-lateralorbitofrontal,-19.7832410289,47.0317004025,6.8417133202
243,ctx-lh-lateralorbitofrontal,-19.7832410289,47.0317004025,6.8417133202
244,ctx-lh-lateralorbitofrontal,-19.7832410289,47.0317004025,6.8417133202
245,ctx-lh-lateralorbitofrontal,-19.7832410289,47.0317004025,6.8417133202
246,ctx-lh-lateralorbitofrontal,-19.7832410289,47.0317004025,6.8417133202
247,ctx-lh-medialorbitofrontal,-6.2920139132,55.7409043641,8.23329384614
248,ctx-lh-medialorbitofrontal,-6.2920139132,55.7409043641,8.23329384614
249,ctx-lh-medialorbitofrontal,-6.2920139132,55.7409043641,8.23329384614
250,ctx-lh-medialorbitofrontal,-6.2920139132,55.7409043641,8.23329384614
251,ctx-lh-parstriangularis,-39.7284238342,40.4211171813,23.3573429321
252,ctx-lh-parstriangularis,-39.7284238342,40.4211171813,23.3573429321
253,ctx-lh-parstriangularis,-39.7284238342,40.4211171813,23.3573429321
254,ctx-lh-parsopercularis,-42.4154730889,25.3998712052,31.7682441527
255,ctx-lh-parsopercularis,-42.4154730889,25.3998712052,31.7682441527
256,ctx-lh-parsopercularis,-42.4154730889,25.3998712052,31.7682441527
257,ctx-lh-parsopercularis,-42.4154730889,25.3998712052,31.7682441527
258,ctx-lh-parsopercularis,-42.4154730889,25.3998712052,31.7682441527
259,ctx-lh-parsopercularis,-42.4154730889,25.3998712052,31.7682441527
260,ctx-lh-parsopercularis,-42.4154730889,25.3998712052,31.7682441527
261,ctx-lh-parsopercularis,-42.4154730889,25.3998712052,31.7682441527
262,ctx-lh-rostralmiddlefrontal,-29.7137608708,56.8350087884,36.5613241708
263,ctx-lh-rostralmiddlefrontal,-29.7137608708,56.8350087884,36.5613241708
264,ctx-lh-rostralmiddlefrontal,-29.7137608708,56.8350087884,36.5613241708
265,ctx-lh-rostralmiddlefrontal,-29.7137608708,56.8350087884,36.5613241708
266,ctx-lh-rostralmiddlefrontal,-29.7137608708,56.8350087884,36.5613241708
267,ctx-lh-rostralmiddlefrontal,-29.7137608708,56.8350087884,36.5613241708
268,ctx-lh-rostralmiddlefrontal,-29.7137608708,56.8350087884,36.5613241708
269,ctx-lh-rostralmiddlefrontal,-29.7137608708,56.8350087884,36.5613241708
270,ctx-lh-rostralmiddlefrontal,-29.7137608708,56.8350087884,36.5613241708
271,ctx-lh-rostralmiddlefrontal,-29.7137608708,56.8350087884,36.5613241708
272,ctx-lh-rostralmiddlefrontal,-29.7137608708,56.8350087884,36.5613241708
273,ctx-lh-rostralmiddlefrontal,-29.7137608708,56.8350087884,36.5613241708
274,ctx-lh-rostralmiddlefrontal,-29.7137608708,56.8350087884,36.5613241708
275,ctx-lh-rostralmiddlefrontal,-29.7137608708,56.8350087884,36.5613241708
276,ctx-lh-superiorfrontal,-8.5702023427,36.9270892589,55.21899011
277,ctx-lh-superiorfrontal,-8.5702023427,36.9270892589,55.21899011
278,ctx-lh-superiorfrontal,-8.5702023427,36.9270892589,55.21899011
279,ctx-lh-superiorfrontal,-8.5702023427,36.9270892589,55.21899011
280,ctx-lh-superiorfrontal,-8.5702023427,36.9270892589,55.21899011
281,ctx-lh-superiorfrontal,-8.5702023427,36.9270892589,55.21899011
282,ctx-lh-superiorfrontal,-8.5702023427,36.9270892589,55.21899011
283,ctx-lh-superiorfrontal,-8.5702023427,36.9270892589,55.21899011
284,ctx-lh-superiorfrontal,-8.5702023427,36.9270892589,55.21899011
285,ctx-lh-superiorfrontal,-8.5702023427,36.9270892589,55.21899011
286,ctx-lh-superiorfrontal,-8.5702023427,36.9270892589,55.21899011
287,ctx-lh-superiorfrontal,-8.5702023427,36.9270892589,55.21899011
288,ctx-lh-superiorfrontal,-8.5702023427,36.9270892589,55.21899011
289,ctx-lh-superiorfrontal,-8.5702023427,36.9270892589,55.21899011
290,ctx-lh-superiorfrontal,-8.5702023427,36.9270892589,55.21899011
291,ctx-lh-superiorfrontal,-8.5702023427,36.9270892589,55.21899011
292,ctx-lh-superiorfrontal,-8.5702023427,36.9270892589,55.21899011
293,ctx-lh-superiorfrontal,-8.5702023427,36.9270892589,55.21899011
294,ctx-lh-superiorfrontal,-8.5702023427,36.9270892589,55.21899011
295,ctx-lh-superiorfrontal,-8.5702023427,36.9270892589,55.21899011
296,ctx-lh-superiorfrontal,-8.5702023427,36.9270892589,55.21899011
297,ctx-lh-superiorfrontal,-8.5702023427,36.9270892589,55.21899011
298,ctx-lh-superiorfrontal,-8.5702023427,36.9270892589,55.21899011
299,ctx-lh-superiorfrontal,-8.5702023427,36.9270892589,55.21899011
300,ctx-lh-superiorfrontal,-8.5702023427,36.9270892589,55.21899011
301,ctx-lh-superiorfrontal,-8.5702023427,36.9270892589,55.21899011
302,ctx-lh-superiorfrontal,-8.5702023427,36.9270892589,55.21899011
303,ctx-lh-superiorfrontal,-8.5702023427,36.9270892589,55.21899011
304,ctx-lh-superiorfrontal,-8.5702023427,36.9270892589,55.21899011
305,ctx-lh-superiorfrontal,-8.5702023427,36.9270892589,55.21899011
306,ctx-lh-superiorfrontal,-8.5702023427,36.9270892589,55.21899011
307,ctx-lh-superiorfrontal,-8.5702023427,36.9270892589,55.21899011
308,ctx-lh-superiorfrontal,-8.5702023427,36.9270892589,55.21899011
309,ctx-lh-superiorfrontal,-8.5702023427,36.9270892589,55.21899011
310,ctx-lh-superiorfrontal,-8.5702023427,36.9270892589,55.21899011
311,ctx-lh-caudalmiddlefrontal,-27.5447480759,17.9683846207,56.3540592375
312,ctx-lh-caudalmiddlefrontal,-27.5447480759,17.9683846207,56.3540592375
313,ctx-lh-caudalmiddlefrontal,-27.5447480759,17.9683846207,56.3540592375
314,ctx-lh-caudalmiddlefrontal,-27.5447480759,17.9683846207,56.3540592375
315,ctx-lh-caudalmiddlefrontal,-27.5447480759,17.9683846207,56.3540592375
316,ctx-lh-caudalmiddlefrontal,-27.5447480759,17.9683846207,56.3540592375
317,ctx-lh-caudalmiddlefrontal,-27.5447480759,17.9683846207,56.3540592375
318,ctx-lh-caudalmiddlefrontal,-27.5447480759,17.9683846207,56.3540592375
319,ctx-lh-precentral,-32.1236965249,-3.61185921446,49.9119802954
320,ctx-lh-precentral,-32.1236965249,-3.61185921446,49.9119802954
321,ctx-lh-precentral,-32.1236965249,-3.61185921446,49.9119802954
322,ctx-lh-precentral,-32.1236965249,-3.61185921446,49.9119802954
323,ctx-lh-precentral,-32.1236965249,-3.61185921446,49.9119802954
324,ctx-lh-precentral,-32.1236965249,-3.61185921446,49.9119802954
325,ctx-lh-precentral,-32.1236965249,-3.61185921446,49.9119802954
326,ctx-lh-precentral,-32.1236965249,-3.61185921446,49.9119802954
327,ctx-lh-precentral,-32.1236965249,-3.61185921446,49.9119802954
328,ctx-lh-precentral,-32.1236965249,-3.61185921446,49.9119802954
329,ctx-lh-precentral,-32.1236965249,-3.61185921446,49.9119802954
330,ctx-lh-precentral,-32.1236965249,-3.61185921446,49.9119802954
331,ctx-lh-precentral,-32.1236965249,-3.61185921446,49.9119802954
332,ctx-lh-precentral,-32.1236965249,-3.61185921446,49.9119802954
333,ctx-lh-precentral,-32.1236965249,-3.61185921446,49.9119802954
334,ctx-lh-precentral,-32.1236965249,-3.61185921446,49.9119802954
335,ctx-lh-precentral,-32.1236965249,-3.61185921446,49.9119802954
336,ctx-lh-precentral,-32.1236965249,-3.61185921446,49.9119802954
337,ctx-lh-precentral,-32.1236965249,-3.61185921446,49.9119802954
338,ctx-lh-precentral,-32.1236965249,-3.61185921446,49.9119802954
339,ctx-lh-paracentral,-5.5458005627,-21.9814489522,57.293034074
340,ctx-lh-paracentral,-5.5458005627,-21.9814489522,57.293034074
341,ctx-lh-paracentral,-5.5458005627,-21.9814489522,57.293034074
342,ctx-lh-paracentral,-5.5458005627,-21.9814489522,57.293034074
343,ctx-lh-paracentral,-5.5458005627,-21.9814489522,57.293034074
344,ctx-lh-paracentral,-5.5458005627,-21.9814489522,57.293034074
345,ctx-lh-rostralanteriorcingulate,-6.27168229699,51.221025378,25.041167743
346,ctx-lh-rostralanteriorcingulate,-6.27168229699,51.221025378,25.041167743
347,ctx-lh-rostralanteriorcingulate,-6.27168229699,51.221025378,25.041167743
348,ctx-lh-rostralanteriorcingulate,-6.27168229699,51.221025378,25.041167743
349,ctx-lh-rostralanteriorcingulate,-6.27168229699,51.221025378,25.041167743
350,ctx-lh-caudalanteriorcingulate,-5.10430651587,27.5225843354,40.9897723555
351,ctx-lh-caudalanteriorcingulate,-5.10430651587,27.5225843354,40.9897723555
352,ctx-lh-caudalanteriorcingulate,-5.10430651587,27.5225843354,40.9897723555
353,ctx-lh-caudalanteriorcingulate,-5.10430651587,27.5225843354,40.9897723555
354,ctx-lh-caudalanteriorcingulate,-5.10430651587,27.5225843354,40.9897723555
355,ctx-lh-posteriorcingulate,-5.2885664869,-10.0279960341,42.3963050502
356,ctx-lh-posteriorcingulate,-5.2885664869,-10.0279960341,42.3963050502
357,ctx-lh-posteriorcingulate,-5.2885664869,-10.0279960341,42.3963050502
358,ctx-lh-posteriorcingulate,-5.2885664869,-10.0279960341,42.3963050502
359,ctx-lh-posteriorcingulate,-5.2885664869,-10.0279960341,42.3963050502
360,ctx-lh-posteriorcingulate,-5.2885664869,-10.0279960341,42.3963050502
361,ctx-lh-posteriorcingulate,-5.2885664869,-10.0279960341,42.3963050502
362,ctx-lh-isthmuscingulate,-5.12516585172,-32.2342096198,22.8651552345
363,ctx-lh-isthmuscingulate,-5.12516585172,-32.2342096198,22.8651552345
364,ctx-lh-isthmuscingulate,-5.12516585172,-32.2342096198,22.8651552345
365,ctx-lh-isthmuscingulate,-5.12516585172,-32.2342096198,22.8651552345
366,ctx-lh-isthmuscingulate,-5.12516585172,-32.2342096198,22.8651552345
367,ctx-lh-isthmuscingulate,-5.12516585172,-32.2342096198,22.8651552345
368,ctx-lh-postcentral,-36.3225450755,-18.3068100698,48.7455195242
369,ctx-lh-postcentral,-36.3225450755,-18.3068100698,48.7455195242
370,ctx-lh-postcentral,-36.3225450755,-18.3068100698,48.7455195242
371,ctx-lh-postcentral,-36.3225450755,-18.3068100698,48.7455195242
372,ctx-lh-postcentral,-36.3225450755,-18.3068100698,48.7455195242
373,ctx-lh-supramarginal,-44.1590582366,-32.0023183757,38.8496953979
374,ctx-lh-supramarginal,-44.1590582366,-32.0023183757,38.8496953979
375,ctx-lh-supramarginal,-44.1590582366,-32.0023183757,38.8496953979
376,ctx-lh-supramarginal,-44.1590582366,-32.0023183757,38.8496953979
377,ctx-lh-supramarginal,-44.1590582366,-32.0023183757,38.8496953979
378,ctx-lh-supramarginal,-44.1590582366,-32.0023183757,38.8496953979
379,ctx-lh-supramarginal,-44.1590582366,-32.0023183757,38.8496953979
380,ctx-lh-superiorparietal,-17.430150085,-55.1247266044,46.6610355899
381,ctx-lh-superiorparietal,-17.430150085,-55.1247266044,46.6610355899
382,ctx-lh-superiorparietal,-17.430150085,-55.1247266044,46.6610355899
383,ctx-lh-superiorparietal,-17.430150085,-55.1247266044,46.6610355899
384,ctx-lh-superiorparietal,-17.430150085,-55.1247266044,46.6610355899
385,ctx-lh-superiorparietal,-17.430150085,-55.1247266044,46.6610355899
386,ctx-lh-superiorparietal,-17.430150085,-55.1247266044,46.6610355899
387,ctx-lh-superiorparietal,-17.430150085,-55.1247266044,46.6610355899
388,ctx-lh-superiorparietal,-17.430150085,-55.1247266044,46.6610355899
389,ctx-lh-superiorparietal,-17.430150085,-55.1247266044,46.6610355899
390,ctx-lh-superiorparietal,-17.430150085,-55.1247266044,46.6610355899
391,ctx-lh-superiorparietal,-17.430150085,-55.1247266044,46.6610355899
392,ctx-lh-inferiorparietal,-33.8591706266,-63.1951019477,31.3673690052
393,ctx-lh-inferiorparietal,-33.8591706266,-63.1951019477,31.3673690052
394,ctx-lh-inferiorparietal,-33.8591706266,-63.1951019477,31.3673690052
395,ctx-lh-inferiorparietal,-33.8591706266,-63.1951019477,31.3673690052
396,ctx-lh-inferiorparietal,-33.8591706266,-63.1951019477,31.3673690052
397,ctx-lh-inferiorparietal,-33.8591706266,-63.1951019477,31.3673690052
398,ctx-lh-inferiorparietal,-33.8591706266,-63.1951019477,31.3673690052
399,ctx-lh-inferiorparietal,-33.8591706266,-63.1951019477,31.3673690052
400,ctx-lh-inferiorparietal,-33.8591706266,-63.1951019477,31.3673690052
401,ctx-lh-precuneus,-7.83940854897,-47.6782915377,38.2743810149
402,ctx-lh-precuneus,-7.83940854897,-47.6782915377,38.2743810149
403,ctx-lh-precuneus,-7.83940854897,-47.6782915377,38.2743810149
404,ctx-lh-precuneus,-7.83940854897,-47.6782915377,38.2743810149
405,ctx-lh-precuneus,-7.83940854897,-47.6782915377,38.2743810149
406,ctx-lh-precuneus,-7.83940854897,-47.6782915377,38.2743810149
407,ctx-lh-precuneus,-7.83940854897,-47.6782915377,38.2743810149
408,ctx-lh-precuneus,-7.83940854897,-47.6782915377,38.2743810149
409,ctx-lh-precuneus,-7.83940854897,-47.6782915377,38.2743810149
410,ctx-lh-cuneus,-6.0055764369,-65.863177906,16.763700609
411,ctx-lh-pericalcarine,-11.8915541392,-62.8720063982,9.44359827394
412,ctx-lh-pericalcarine,-11.8915541392,-62.8720063982,9.44359827394
413,ctx-lh-lateraloccipital,-26.5760395596,-76.0605046442,2.32480327754
414,ctx-lh-lateraloccipital,-26.5760395596,-76.0605046442,2.32480327754
415,ctx-lh-lateraloccipital,-26.5760395596,-76.0605046442,2.32480327754
416,ctx-lh-lateraloccipital,-26.5760395596,-76.0605046442,2.32480327754
417,ctx-lh-lateraloccipital,-26.5760395596,-76.0605046442,2.32480327754
418,ctx-lh-lateraloccipital,-26.5760395596,-76.0605046442,2.32480327754
419,ctx-lh-lateraloccipital,-26.5760395596,-76.0605046442,2.32480327754
420,ctx-lh-lateraloccipital,-26.5760395596,-76.0605046442,2.32480327754
421,ctx-lh-lingual,-13.7791781823,-53.1801151512,0.166255528463
422,ctx-lh-lingual,-13.7791781823,-53.1801151512,0.166255528463
423,ctx-lh-lingual,-13.7791781823,-53.1801151512,0.166255528463
424,ctx-lh-fusiform,-32.7424531639,-30.6811541417,-6.7653848904
425,ctx-lh-fusiform,-32.7424531639,-30.6811541417,-6.7653848904
426,ctx-lh-fusiform,-32.7424531639,-30.6811541417,-6.7653848904
427,ctx-lh-fusiform,-32.7424531639,-30.6811541417,-6.7653848904
428,ctx-lh-fusiform,-32.7424531639,-30.6811541417,-6.7653848904
429,ctx-lh-parahippocampal,-21.186771571,-15.7331853174,-2.93493995614
430,ctx-lh-parahippocampal,-21.186771571,-15.7331853174,-2.93493995614
431,ctx-lh-entorhinal,-21.302837598,8.97535363868,-9.73226531799
432,ctx-lh-entorhinal,-21.302837598,8.97535363868,-9.73226531799
433,ctx-lh-temporalpole,-27.4848680418,29.583981382,-9.41234908249
434,ctx-lh-temporalpole,-27.4848680418,29.583981382,-9.41234908249
435,ctx-lh-inferiortemporal,-43.918189509,-19.9664333516,-7.32881683063
436,ctx-lh-inferiortemporal,-43.918189509,-19.9664333516,-7.32881683063
437,ctx-lh-bankssts,-47.9343638635,-38.3306015395,16.6994917537
438,ctx-lh-bankssts,-47.9343638635,-38.3306015395,16.6994917537
439,ctx-lh-superiortemporal,-45.8874422354,-4.85107268321,13.8296530839
440,ctx-lh-superiortemporal,-45.8874422354,-4.85107268321,13.8296530839
441,ctx-lh-superiortemporal,-45.8874422354,-4.85107268321,13.8296530839
442,ctx-lh-superiortemporal,-45.8874422354,-4.85107268321,13.8296530839
443,ctx-lh-transversetemporal,-37.7830108732,-13.831496194,20.3876156218
444,ctx-lh-insula,-29.1615532693,9.05614968756,19.2311313876
445,ctx-lh-insula,-29.1615532693,9.05614968756,19.2311313876
446,ctx-lh-insula,-29.1615532693,9.05614968756,19.2311313876
447,ctx-lh-insula,-29.1615532693,9.05614968756,19.2311313876
448,ctx-lh-insula,-29.1615532693,9.05614968756,19.2311313876
449,ctx-lh-insula,-29.1615532693,9.05614968756,19.2311313876
450,ctx-lh-insula,-29.1615532693,9.05614968756,19.2311313876
451,ctx-lh-insula,-29.1615532693,9.05614968756,19.2311313876
452,ctx-lh-insula,-29.1615532693,9.05614968756,19.2311313876
453,ctx-lh-insula,-29.1615532693,9.05614968756,19.2311313876
454,ctx-lh-insula,-29.1615532693,9.05614968756,19.2311313876
455,ctx-lh-insula,-29.1615532693,9.05614968756,19.2311313876
456,ctx-lh-insula,-29.1615532693,9.05614968756,19.2311313876
457,ctx-lh-insula,-29.1615532693,9.05614968756,19.2311313876
458,ctx-lh-insula,-29.1615532693,9.05614968756,19.2311313876
459,Left-Thalamus-Proper,-9.9013429289,-7.2305729875,18.6564650566
460,Left-Caudate,-11.8313364425,15.7259529736,27.000172995
461,Left-Putamen,-21.0997357901,11.8783770433,17.8889020763
462,Left-Pallidum,-15.9280596997,7.61095074495,14.7797471558
463,Left-Accumbens-area,-5.41425449159,22.2377892778,9.83593863895
464,Left-Hippocampus,-20.6932590381,-10.5687656503,3.87095109369
465,Left-Amygdala,-18.7976815184,11.8595562292,0.827881162828
466,Brain-Stem,-0.547493040488,-12.7643709064,-12.6539865067
