edge_id,source,target,source_original,target_original,connectivity_weight,metric_length,n_cells
0,0,230,2,504,2,1,1
1,1,230,3,504,4,1,1
2,2,7,4,12,2,1,1
3,2,8,4,13,2,1,1
4,2,9,4,14,2,1,1
5,2,11,4,16,3,1,1
6,2,36,4,70,3.5,1,1
7,2,39,4,73,5,1,1
8,2,230,4,504,8,1,1
9,3,230,7,504,8,1,1
10,4,230,8,504,3,1,1
11,5,230,9,504,2,1,1
12,6,229,11,503,3,1,1
13,6,230,11,504,7,1,1
14,7,11,12,16,2,1,1
15,7,17,12,35,2,1,1
16,7,18,12,36,3,1,1
17,7,230,12,504,9,1,1
18,8,17,13,35,3,1,1
19,8,18,13,36,2,1,1
20,8,19,13,40,2,1,1
21,8,20,13,41,2,1,1
22,8,39,13,73,2,1,1
23,9,17,14,35,2,1,1
24,9,39,14,73,2,1,1
25,9,229,14,503,3,1,1
26,9,230,14,504,12,1,1
27,10,230,15,504,5,1,1
28,11,13,16,28,2,1,1
29,11,17,16,35,2,1,1
30,11,20,16,41,3,1,1
31,11,39,16,73,2,1,1
32,11,44,16,81,3,1,1
33,11,229,16,503,4,1,1
34,11,230,16,504,16,1,1
35,12,40,27,76,2,1,1
36,12,41,27,77,2,1,1
37,13,39,28,73,3,1,1
38,13,41,28,77,4,1,1
39,13,42,28,78,3,1,1
40,13,229,28,503,4,1,1
41,13,230,28,504,11,1,1
42,14,229,29,503,4,1,1
43,14,230,29,504,6,1,1
44,15,229,31,503,2,1,1
45,16,229,33,503,2,1,1
46,17,32,35,63,3,1,1
47,17,34,35,66,4,1,1
48,17,36,35,70,5,1,1
49,17,39,35,73,6,1,1
50,17,230,35,504,3,1,1
51,18,39,36,73,3,1,1
52,20,36,41,70,4,1,1
53,20,39,41,73,6,1,1
54,21,22,44,46,3,1,1
55,22,23,46,49,3,1,1
56,22,25,46,51,2,1,1
57,22,230,46,504,2,1,1
58,23,230,49,504,5,1,1
59,24,53,50,94,4,1,1
60,24,229,50,503,4,1,1
61,24,230,50,504,6,1,1
62,25,220,51,494,3,1,1
63,25,229,51,503,5,1,1
64,25,230,51,504,17,1,1
65,25,231,51,505,4,1,1
66,26,79,52,131,4,1,1
67,26,230,52,504,4,1,1
68,27,28,53,57,5,1,1
69,27,29,53,58,3,1,1
70,27,30,53,60,2,1,1
71,27,32,53,63,5,1,1
72,27,53,53,94,4,1,1
73,27,229,53,503,3,1,1
74,27,230,53,504,4,1,1
75,28,78,57,129,2,1,1
76,28,229,57,503,4,1,1
77,28,230,57,504,5,1,1
78,29,30,58,60,3,1,1
79,29,230,58,504,4.5,1,1
80,30,32,60,63,5,1,1
81,30,34,60,66,5,1,1
82,30,36,60,70,6,1,1
83,30,39,60,73,3,1,1
84,30,230,60,504,6,1,1
85,31,36,61,70,4,1,1
86,32,36,63,70,2,1,1
87,32,39,63,73,2,1,1
88,32,229,63,503,3,1,1
89,32,230,63,504,5,1,1
90,33,45,65,82,3,1,1
91,34,45,66,82,3,1,1
92,34,229,66,503,3,1,1
93,34,230,66,504,6,1,1
94,35,36,68,70,2,1,1
95,35,39,68,73,3,1,1
96,36,229,70,503,3,1,1
97,36,230,70,504,9,1,1
98,37,45,71,82,3,1,1
99,38,44,72,81,3,1,1
100,39,44,73,81,2,1,1
101,39,229,73,503,3,1,1
102,39,230,73,504,17,1,1
103,40,230,76,504,4,1,1
104,41,230,77,504,6,1,1
105,42,44,78,81,4,1,1
106,42,230,78,504,4,1,1
107,43,44,79,81,3,1,1
108,44,47,81,84,3,1,1
109,44,48,81,87,2,1,1
110,44,230,81,504,3,1,1
111,45,48,82,87,6,1,1
112,45,50,82,90,2,1,1
113,45,52,82,93,3,1,1
114,45,53,82,94,4,1,1
115,45,230,82,504,3,1,1
116,46,48,83,87,2,1,1
117,46,52,83,93,2,1,1
118,48,49,87,89,2,1,1
119,48,50,87,90,3,1,1
120,49,52,89,93,3,1,1
121,49,54,89,95,2,1,1
122,50,52,90,93,7,1,1
123,50,53,90,94,5,1,1
124,50,54,90,95,3,1,1
125,50,55,90,98,2,1,1
126,50,56,90,99,2,1,1
127,50,59,90,103,4,1,1
128,50,229,90,503,2,1,1
129,51,54,91,95,2,1,1
130,51,58,91,102,2,1,1
131,53,55,94,98,3,1,1
132,53,59,94,103,2,1,1
133,53,78,94,129,3,1,1
134,53,229,94,503,6,1,1
135,53,230,94,504,4,1,1
136,54,55,95,98,4.5,1,1
137,55,58,98,102,5,1,1
138,55,59,98,103,6,1,1
139,56,58,99,102,4,1,1
140,56,59,99,103,5,1,1
141,56,60,99,104,5,1,1
142,56,64,99,110,3,1,1
143,56,65,99,111,4,1,1
144,57,58,100,102,2,1,1
145,59,65,103,111,2,1,1
146,59,229,103,503,4,1,1
147,61,64,106,110,3,1,1
148,62,64,107,110,5,1,1
149,62,65,107,111,5,1,1
150,62,76,107,127,3,1,1
151,62,229,107,503,1,1,1
152,63,64,108,110,2,1,1
153,63,65,108,111,2,1,1
154,63,68,108,114,4,1,1
155,65,76,111,127,10,1,1
156,65,77,111,128,3,1,1
157,65,92,111,159,2,1,1
158,65,229,111,503,4,1,1
159,65,230,111,504,3,1,1
160,66,76,112,127,7,1,1
161,66,230,112,504,3,1,1
162,67,70,113,117,3,1,1
163,69,71,116,119,2,1,1
164,70,71,117,119,5,1,1
165,70,72,117,120,6,1,1
166,72,99,120,172,3,1,1
167,73,75,121,126,3,1,1
168,73,76,121,127,8,1,1
169,73,229,121,503,3,1,1
170,73,230,121,504,6,1,1
171,74,75,124,126,3,1,1
172,74,76,124,127,7,1,1
173,74,77,124,128,4,1,1
174,74,229,124,503,3,1,1
175,74,230,124,504,5,1,1
176,75,230,126,504,6,1,1
177,76,79,127,131,8,1,1
178,76,84,127,145,5,1,1
179,76,85,127,146,3,1,1
180,76,113,127,189,3,1,1
181,76,219,127,493,4,1,1
182,76,220,127,494,6,1,1
183,76,229,127,503,9.5,1,1
184,76,230,127,504,25,1,1
185,76,231,127,505,3,1,1
186,77,79,128,131,6,1,1
187,77,220,128,494,4,1,1
188,77,229,128,503,4,1,1
189,77,230,128,504,10,1,1
190,78,79,129,131,5,1,1
191,78,229,129,503,3,1,1
192,78,230,129,504,6,1,1
193,79,92,131,159,4,1,1
194,79,229,131,503,5,1,1
195,79,230,131,504,7,1,1
196,80,81,132,138,2,1,1
197,80,83,132,144,3,1,1
198,80,230,132,504,2,1,1
199,82,83,141,144,2,1,1
200,82,84,141,145,3,1,1
201,82,85,141,146,4,1,1
202,82,86,141,147,2,1,1
203,82,229,141,503,3,1,1
204,82,230,141,504,6,1,1
205,83,92,144,159,8,1,1
206,83,126,144,205,3,1,1
207,83,219,144,493,2,1,1
208,83,229,144,503,4,1,1
209,83,230,144,504,12,1,1
210,83,231,144,505,4,1,1
211,84,91,145,158,3,1,1
212,84,92,145,159,6,1,1
213,84,213,145,487,3,1,1
214,84,214,145,488,3,1,1
215,84,230,145,504,21,1,1
216,85,87,146,151,2,1,1
217,85,92,146,159,11,1,1
218,85,230,146,504,7,1,1
219,86,87,147,151,3,1,1
220,86,92,147,159,9,1,1
221,86,229,147,503,3,1,1
222,86,230,147,504,4,1,1
223,87,219,151,493,4,1,1
224,87,230,151,504,15,1,1
225,88,230,153,504,7,1,1
226,89,93,154,161,3,1,1
227,89,230,154,504,14,1,1
228,90,92,155,159,5,1,1
229,90,138,155,250,9,1,1
230,90,228,155,502,5,1,1
231,90,229,155,503,3,1,1
232,90,230,155,504,29,1,1
233,90,231,155,505,5,1,1
234,91,230,158,504,9,1,1
235,92,94,159,162,5,1,1
236,92,100,159,176,5,1,1
237,92,102,159,178,3,1,1
238,92,103,159,179,6,1,1
239,92,116,159,192,2,1,1
240,92,141,159,255,6,1,1
241,92,143,159,258,5,1,1
242,92,228,159,502,4,1,1
243,92,229,159,503,8,1,1
244,92,230,159,504,42,1,1
245,92,231,159,505,8,1,1
246,94,101,162,177,2,1,1
247,94,102,162,178,5,1,1
248,94,103,162,179,3,1,1
249,94,230,162,504,5,1,1
250,95,97,163,165,3,1,1
251,95,99,163,172,2,1,1
252,95,101,163,177,2,1,1
253,96,102,164,178,4,1,1
254,97,99,165,172,4,1,1
255,97,102,165,178,6,1,1
256,98,99,166,172,3,1,1
257,100,143,176,258,2,1,1
258,103,133,179,229,3,1,1
259,103,134,179,231,2,1,1
260,103,138,179,250,3,1,1
261,103,143,179,258,4,1,1
262,104,229,180,503,16,1,1
263,104,230,180,504,5,1,1
264,104,232,180,506,3,1,1
265,105,229,181,503,6,1,1
266,105,230,181,504,11,1,1
267,106,229,182,503,12,1,1
268,106,230,182,504,4,1,1
269,106,460,182,1009,3,1,1
270,107,229,183,503,4,1,1
271,107,230,183,504,6,1,1
272,108,229,184,503,13,1,1
273,108,460,184,1009,2,1,1
274,109,229,185,503,4,1,1
275,110,229,186,503,5,1,1
276,111,229,187,503,4,1,1
277,112,229,188,503,9,1,1
278,113,229,189,503,6,1,1
279,114,229,190,503,4,1,1
280,114,230,190,504,3,1,1
281,115,229,191,503,7,1,1
282,116,229,192,503,4,1,1
283,116,230,192,504,5,1,1
284,116,231,192,505,2,1,1
285,117,229,193,503,2,1,1
286,117,230,193,504,4,1,1
287,118,229,194,503,4,1,1
288,119,229,195,503,3,1,1
289,120,229,196,503,4,1,1
290,121,138,198,250,4,1,1
291,121,228,198,502,4,1,1
292,121,229,198,503,3,1,1
293,121,230,198,504,4,1,1
294,122,229,199,503,4,1,1
295,123,233,202,507,4,1,1
296,124,233,203,507,4,1,1
297,125,163,204,313,2,1,1
298,125,233,204,507,2,1,1
299,126,127,205,210,2,1,1
300,128,230,213,504,5,1,1
301,129,230,218,504,3,1,1
302,130,230,223,504,12,1,1
303,131,230,226,504,5,1,1
304,132,230,228,504,5,1,1
305,135,137,235,249,3,1,1
306,135,140,235,254,3,1,1
307,135,230,235,504,10,1,1
308,136,230,237,504,6,1,1
309,137,141,249,255,5,1,1
310,138,139,250,253,2,1,1
311,138,229,250,503,4,1,1
312,138,230,250,504,2.5,1,1
313,139,230,253,504,3,1,1
314,140,141,254,255,5,1,1
315,140,142,254,256,5,1,1
316,140,153,254,284,6,1,1
317,140,228,254,502,3,1,1
318,140,229,254,503,3,1,1
319,140,230,254,504,5,1,1
320,140,233,254,507,6,1,1
321,141,168,255,327,5,1,1
322,141,212,255,486,4,1,1
323,141,230,255,504,11.5,1,1
324,142,145,256,269,2,1,1
325,142,146,256,270,2,1,1
326,142,149,256,275,2,1,1
327,142,167,256,326,4.5,1,1
328,142,168,256,327,6,1,1
329,144,167,268,326,4,1,1
330,144,168,268,327,4,1,1
331,144,169,268,329,3,1,1
332,145,167,269,326,4,1,1
333,145,168,269,327,4.5,1,1
334,146,165,270,315,2,1,1
335,146,167,270,326,4,1,1
336,147,167,271,326,4,1,1
337,148,166,274,316,2,1,1
338,149,165,275,315,3,1,1
339,149,166,275,316,2,1,1
340,149,167,275,326,4,1,1
341,150,161,276,311,2,1,1
342,150,162,276,312,2,1,1
343,150,165,276,315,2,1,1
344,151,152,282,283,2,1,1
345,151,171,282,344,3,1,1
346,152,161,283,311,2,1,1
347,153,155,284,301,3,1,1
348,154,160,299,308,2,1,1
349,155,206,301,455,2,1,1
350,155,216,301,490,4,1,1
351,155,233,301,507,6,1,1
352,156,233,302,507,4,1,1
353,157,187,303,397,3,1,1
354,157,216,303,490,16,1,1
355,157,233,303,507,10,1,1
356,158,160,304,308,2,1,1
357,158,178,304,359,3,1,1
358,158,184,304,385,3,1,1
359,158,233,304,507,2,1,1
360,159,178,305,359,2,1,1
361,162,178,312,359,3,1,1
362,163,233,313,507,3,1,1
363,164,233,314,507,3,1,1
364,165,167,315,326,2,1,1
365,166,167,316,326,3,1,1
366,170,177,341,358,3,1,1
367,170,178,341,359,4,1,1
368,171,173,344,349,2,1,1
369,171,176,344,357,2,1,1
370,172,174,345,355,3,1,1
371,172,176,345,357,2,1,1
372,174,175,355,356,2,1,1
373,174,176,355,357,3,1,1
374,174,180,355,364,2,1,1
375,175,176,356,357,2,1,1
376,177,178,358,359,2,1,1
377,178,182,359,369,2,1,1
378,178,184,359,385,4,1,1
379,178,185,359,390,3,1,1
380,178,186,359,396,3,1,1
381,179,185,360,390,2,1,1
382,181,185,367,390,2,1,1
383,182,185,369,390,3,1,1
384,182,186,369,396,3,1,1
385,182,187,369,397,3,1,1
386,183,185,370,390,2,1,1
387,183,186,370,396,2,1,1
388,188,233,403,507,2,1,1
389,189,224,404,498,2,1,1
390,190,233,410,507,2,1,1
391,191,233,411,507,2,1,1
392,192,233,413,507,3,1,1
393,193,224,417,498,4,1,1
394,193,234,417,508,4,1,1
395,194,201,421,440,3,1,1
396,195,201,423,440,3,1,1
397,196,201,425,440,2,1,1
398,196,202,425,444,3,1,1
399,196,204,425,452,2,1,1
400,197,200,427,436,2,1,1
401,198,199,430,433,3,1,1
402,198,200,430,436,2,1,1
403,198,204,430,452,2,1,1
404,198,205,430,454,3,1,1
405,199,233,433,507,5,1,1
406,201,203,440,445,3,1,1
407,201,233,440,507,2,1,1
408,204,233,452,507,3,1,1
409,205,233,454,507,5,1,1
410,206,208,455,467,2,1,1
411,206,210,455,473,2,1,1
412,206,216,455,490,4,1,1
413,206,233,455,507,10,1,1
414,207,216,460,490,2,1,1
415,207,233,460,507,8,1,1
416,208,233,467,507,3,1,1
417,209,233,468,507,2,1,1
418,210,233,473,507,4,1,1
419,211,224,480,498,2,1,1
420,212,228,486,502,4,1,1
421,212,229,486,503,2,1,1
422,212,230,486,504,6,1,1
423,213,220,487,494,3,1,1
424,213,230,487,504,7,1,1
425,214,220,488,494,2,1,1
426,214,230,488,504,4,1,1
427,215,230,489,504,3,1,1
428,216,228,490,502,5,1,1
429,216,230,490,504,2,1,1
430,216,233,490,507,7.5,1,1
431,216,234,490,508,2,1,1
432,217,233,491,507,3,1,1
433,218,230,492,504,2,1,1
434,219,230,493,504,3,1,1
435,220,230,494,504,3,1,1
436,221,230,495,504,8,1,1
437,222,230,496,504,5,1,1
438,223,230,497,504,4,1,1
439,223,234,497,508,3,1,1
440,224,225,498,499,2,1,1
441,224,233,498,507,5,1,1
442,224,234,498,508,4,1,1
443,225,230,499,504,3,1,1
444,225,233,499,507,4,1,1
445,225,234,499,508,7,1,1
446,226,230,500,504,6,1,1
447,226,234,500,508,8,1,1
448,227,230,501,504,12,1,1
449,227,234,501,508,4,1,1
450,228,229,502,503,19,1,1
451,228,230,502,504,17,1,1
452,228,231,502,505,7,1,1
453,228,232,502,506,5,1,1
454,228,233,502,507,53,1,1
455,228,234,502,508,5,1,1
456,228,459,502,1008,25,1,1
457,228,460,502,1009,3,1,1
458,228,466,502,1015,35,1,1
459,229,230,503,504,64,1,1
460,229,231,503,505,54,1,1
461,229,232,503,506,2,1,1
462,229,233,503,507,17,1,1
463,229,234,503,508,5,1,1
464,229,345,503,688,2,1,1
465,229,351,503,694,3,1,1
466,229,459,503,1008,6,1,1
467,229,460,503,1009,156,1,1
468,229,463,503,1012,3,1,1
469,229,466,503,1015,2,1,1
470,230,231,504,505,8,1,1
471,230,232,504,506,2,1,1
472,230,233,504,507,4,1,1
473,230,234,504,508,4,1,1
474,231,232,505,506,2,1,1
475,231,233,505,507,11,1,1
476,231,234,505,508,3,1,1
477,232,233,506,507,7,1,1
478,232,466,506,1015,4,1,1
479,233,234,507,508,3,1,1
480,233,466,507,1015,2,1,1
481,235,240,509,514,2,1,1
482,235,461,509,1010,2,1,1
483,236,461,510,1010,2,1,1
484,237,460,511,1009,2,1,1
485,237,461,511,1010,3,1,1
486,238,461,512,1010,4,1,1
487,239,460,513,1009,5,1,1
488,239,461,513,1010,10,1,1
489,239,463,513,1012,2,1,1
490,240,461,514,1010,10,1,1
491,241,461,516,1010,3,1,1
492,242,244,517,521,3,1,1
493,242,245,517,522,3,1,1
494,242,246,517,523,3,1,1
495,242,272,517,578,4,1,1
496,242,273,517,580,4,1,1
497,242,461,517,1010,6,1,1
498,243,244,518,521,2,1,1
499,244,245,521,522,2,1,1
500,244,246,521,523,2,1,1
501,244,251,521,541,2,1,1
502,244,252,521,545,6,1,1
503,244,253,521,546,3,1,1
504,244,271,521,576,2,1,1
505,244,272,521,578,2,1,1
506,244,461,521,1010,7,1,1
507,245,252,522,545,3,1,1
508,245,271,522,576,2,1,1
509,245,461,522,1010,4,1,1
510,246,248,523,534,2,1,1
511,246,252,523,545,3,1,1
512,246,460,523,1009,4,1,1
513,246,461,523,1010,14,1,1
514,247,273,533,580,2,1,1
515,247,275,533,583,3,1,1
516,247,276,533,584,3,1,1
517,247,461,533,1010,3,1,1
518,248,273,534,580,3,1,1
519,248,274,534,582,2,1,1
520,248,275,534,583,2,1,1
521,248,460,534,1009,4,1,1
522,248,461,534,1010,10,1,1
523,249,460,538,1009,6,1,1
524,249,461,538,1010,6,1,1
525,250,460,539,1009,2,1,1
526,252,253,545,546,3,1,1
527,252,270,545,573,4,1,1
528,252,272,545,578,7,1,1
529,252,273,545,580,5,1,1
530,252,461,545,1010,2,1,1
531,253,255,546,549,3.5,1,1
532,253,256,546,550,3,1,1
533,253,257,546,551,2,1,1
534,253,258,546,552,2,1,1
535,253,264,546,562,3,1,1
536,253,266,546,566,2,1,1
537,253,270,546,573,4,1,1
538,253,272,546,578,3,1,1
539,253,461,546,1010,2,1,1
540,254,255,548,549,2,1,1
541,254,259,548,553,4,1,1
542,254,260,548,555,3,1,1
543,255,259,549,553,2,1,1
544,258,460,552,1009,4,1,1
545,258,461,552,1010,7,1,1
546,259,455,553,1004,2,1,1
547,259,461,553,1010,6,1,1
548,261,338,557,676,2,1,1
549,262,266,560,566,5,1,1
550,262,312,560,631,3,1,1
551,263,266,561,566,5,1,1
552,263,460,561,1009,3,1,1
553,263,461,561,1010,4,1,1
554,264,266,562,566,7,1,1
555,264,267,562,567,4,1,1
556,264,270,562,573,2,1,1
557,264,460,562,1009,4,1,1
558,264,461,562,1010,7,1,1
559,265,266,565,566,2,1,1
560,266,267,566,567,2,1,1
561,266,270,566,573,4,1,1
562,266,289,566,602,6,1,1
563,266,290,566,603,5,1,1
564,266,311,566,629,3,1,1
565,266,455,566,1004,2,1,1
566,266,460,566,1009,5,1,1
567,266,461,566,1010,5,1,1
568,267,270,567,573,5,1,1
569,267,272,567,578,5,1,1
570,268,270,568,573,3,1,1
571,268,272,568,578,4,1,1
572,269,281,571,590,2,1,1
573,270,460,573,1009,3,1,1
574,270,461,573,1010,6,1,1
575,271,272,576,578,4,1,1
576,271,273,576,580,3,1,1
577,272,460,578,1009,2,1,1
578,272,461,578,1010,7,1,1
579,273,460,580,1009,2,1,1
580,273,461,580,1010,10,1,1
581,274,461,582,1010,4,1,1
582,275,277,583,585,2,1,1
583,275,461,583,1010,4,1,1
584,276,277,584,585,2,1,1
585,277,278,585,586,3,1,1
586,277,279,585,587,3,1,1
587,277,280,585,589,2,1,1
588,277,281,585,590,2,1,1
589,277,461,585,1010,3,1,1
590,279,281,587,590,4,1,1
591,280,281,589,590,2,1,1
592,280,283,589,592,2,1,1
593,280,284,589,594,2,1,1
594,280,288,589,601,3,1,1
595,281,282,590,591,2,1,1
596,281,284,590,594,4,1,1
597,281,288,590,601,2,1,1
598,281,289,590,602,4,1,1
599,281,290,590,603,2,1,1
600,281,461,590,1010,2,1,1
601,282,284,591,594,4,1,1
602,282,286,591,597,2,1,1
603,282,288,591,601,5,1,1
604,282,289,591,602,4,1,1
605,282,290,591,603,3,1,1
606,282,293,591,607,3,1,1
607,283,284,592,594,2,1,1
608,283,285,592,596,2,1,1
609,283,288,592,601,3,1,1
610,283,289,592,602,2,1,1
611,285,288,596,601,2,1,1
612,285,291,596,604,2,1,1
613,286,288,597,601,5,1,1
614,286,289,597,602,6,1,1
615,286,290,597,603,3,1,1
616,286,291,597,604,4,1,1
617,286,293,597,607,3,1,1
618,286,295,597,609,2,1,1
619,287,291,598,604,3,1,1
620,287,292,598,606,2,1,1
621,287,297,598,612,3,1,1
622,289,460,602,1009,5,1,1
623,289,461,602,1010,4,1,1
624,290,293,603,607,3,1,1
625,290,313,603,632,6,1,1
626,290,352,603,695,3,1,1
627,290,460,603,1009,8,1,1
628,290,461,603,1010,4,1,1
629,292,297,606,612,3,1,1
630,292,301,606,616,3,1,1
631,293,294,607,608,3,1,1
632,293,295,607,609,2,1,1
633,293,297,607,612,4.5,1,1
634,293,298,607,613,4,1,1
635,293,299,607,614,4,1,1
636,293,300,607,615,3,1,1
637,293,301,607,616,6,1,1
638,293,359,607,703,4,1,1
639,294,295,608,609,2,1,1
640,294,305,608,623,3,1,1
641,294,306,608,624,3,1,1
642,294,307,608,625,3,1,1
643,294,308,608,626,5,1,1
644,294,461,608,1010,3,1,1
645,295,299,609,614,3,1,1
646,295,300,609,615,5,1,1
647,295,301,609,616,5,1,1
648,295,304,609,622,4,1,1
649,295,305,609,623,4,1,1
650,296,301,610,616,3,1,1
651,299,313,614,632,7,1,1
652,299,354,614,697,2,1,1
653,299,460,614,1009,5,1,1
654,299,461,614,1010,3,1,1
655,302,308,618,626,3,1,1
656,303,307,619,625,3,1,1
657,303,308,619,626,4,1,1
658,303,309,619,627,5,1,1
659,305,313,623,632,7,1,1
660,305,314,623,633,6,1,1
661,305,460,623,1009,4,1,1
662,305,461,623,1010,3,1,1
663,309,310,627,628,2,1,1
664,311,312,629,631,5,1,1
665,311,313,629,632,6.5,1,1
666,311,315,629,634,3,1,1
667,311,460,629,1009,6,1,1
668,311,461,629,1010,6,1,1
669,313,317,632,637,11,1,1
670,313,352,632,695,3,1,1
671,313,354,632,697,3.5,1,1
672,313,454,632,1003,3,1,1
673,313,460,632,1009,16,1,1
674,313,461,632,1010,27,1,1
675,313,462,632,1011,3,1,1
676,314,317,633,637,6,1,1
677,314,318,633,641,7,1,1
678,314,330,633,661,5,1,1
679,314,449,633,997,3,1,1
680,314,460,633,1009,5,1,1
681,314,461,633,1010,10,1,1
682,315,316,634,636,3,1,1
683,315,317,634,637,6,1,1
684,315,460,634,1009,3,1,1
685,315,461,634,1010,5,1,1
686,317,318,637,641,3,1,1
687,317,328,637,657,3,1,1
688,317,460,637,1009,6,1,1
689,317,461,637,1010,8,1,1
690,318,331,641,662,6,1,1
691,318,334,641,668,4,1,1
692,318,460,641,1009,6,1,1
693,318,461,641,1010,10,1,1
694,319,341,644,684,3,1,1
695,319,342,644,685,3,1,1
696,320,341,645,684,3,1,1
697,321,323,647,650,3,1,1
698,321,324,647,651,4,1,1
699,321,340,647,683,2,1,1
700,321,341,647,684,4,1,1
701,321,342,647,685,5,1,1
702,321,343,647,686,4,1,1
703,322,459,648,1008,4,1,1
704,322,461,648,1010,5,1,1
705,323,330,650,661,6,1,1
706,323,342,650,685,4,1,1
707,323,461,650,1010,6,1,1
708,324,326,651,654,4,1,1
709,324,330,651,661,10,1,1
710,324,331,651,662,12,1,1
711,324,342,651,685,3,1,1
712,324,343,651,686,5,1,1
713,324,344,651,687,6,1,1
714,324,359,651,703,3,1,1
715,324,369,651,731,4,1,1
716,324,380,651,767,5,1,1
717,324,383,651,771,7,1,1
718,324,459,651,1008,9,1,1
719,324,460,651,1009,7,1,1
720,324,461,651,1010,22,1,1
721,324,462,651,1011,5,1,1
722,325,327,652,655,3,1,1
723,326,330,654,661,2,1,1
724,326,369,654,731,2,1,1
725,326,378,654,757,4,1,1
726,326,445,654,992,4,1,1
727,326,459,654,1008,12,1,1
728,326,460,654,1009,3,1,1
729,326,461,654,1010,20,1,1
730,326,462,654,1011,6,1,1
731,327,461,655,1010,7,1,1
732,328,330,657,661,3,1,1
733,328,331,657,662,5,1,1
734,328,448,657,996,4,1,1
735,328,449,657,997,4,1,1
736,328,459,657,1008,4,1,1
737,328,460,657,1009,6,1,1
738,328,461,657,1010,30,1,1
739,328,462,657,1011,4,1,1
740,329,461,660,1010,6,1,1
741,330,335,661,669,5,1,1
742,330,381,661,769,2,1,1
743,330,445,661,992,6,1,1
744,330,448,661,996,5,1,1
745,330,459,661,1008,5,1,1
746,330,460,661,1009,3,1,1
747,330,461,661,1010,20,1,1
748,330,462,661,1011,3,1,1
749,331,335,662,669,3,1,1
750,331,459,662,1008,3,1,1
751,331,460,662,1009,4,1,1
752,331,461,662,1010,6,1,1
753,332,461,665,1010,3,1,1
754,333,335,666,669,2,1,1
755,333,338,666,676,3,1,1
756,333,449,666,997,2,1,1
757,333,460,666,1009,2,1,1
758,333,461,666,1010,9,1,1
759,334,461,668,1010,4,1,1
760,335,369,669,731,3,1,1
761,335,460,669,1009,4,1,1
762,335,461,669,1010,14,1,1
763,335,462,669,1011,3,1,1
764,336,338,672,676,3,1,1
765,337,370,675,738,2,1,1
766,337,372,675,744,2,1,1
767,338,370,676,738,4,1,1
768,339,341,677,684,2,1,1
769,344,380,687,767,2,1,1
770,345,460,688,1009,12,1,1
771,345,461,688,1010,2,1,1
772,345,463,688,1012,2,1,1
773,346,460,689,1009,15,1,1
774,346,461,689,1010,10,1,1
775,347,460,690,1009,5,1,1
776,347,461,690,1010,11.5,1,1
777,348,351,691,694,2,1,1
778,348,352,691,695,2,1,1
779,348,460,691,1009,16,1,1
780,348,461,691,1010,6,1,1
781,349,460,692,1009,4,1,1
782,349,461,692,1010,6,1,1
783,350,460,693,1009,9,1,1
784,350,461,693,1010,3,1,1
785,351,460,694,1009,12,1,1
786,352,460,695,1009,6,1,1
787,352,461,695,1010,3,1,1
788,353,460,696,1009,12,1,1
789,354,359,697,703,5,1,1
790,354,460,697,1009,12,1,1
791,354,461,697,1010,4,1,1
792,355,460,698,1009,11,1,1
793,356,359,699,703,2,1,1
794,356,460,699,1009,5,1,1
795,356,461,699,1010,4,1,1
796,357,460,700,1009,5,1,1
797,358,460,701,1009,4,1,1
798,359,459,703,1008,6,1,1
799,359,460,703,1009,4,1,1
800,359,461,703,1010,6,1,1
801,359,462,703,1011,3,1,1
802,360,380,704,767,2,1,1
803,360,459,704,1008,4,1,1
804,360,460,704,1009,2,1,1
805,361,459,706,1008,4,1,1
806,361,460,706,1009,6,1,1
807,362,460,707,1009,3,1,1
808,363,459,708,1008,3,1,1
809,364,382,709,770,3,1,1
810,365,366,711,712,2,1,1
811,365,367,711,713,2,1,1
812,365,459,711,1008,3,1,1
813,365,464,711,1013,3,1,1
814,366,403,712,827,2,1,1
815,366,407,712,836,2,1,1
816,366,459,712,1008,3,1,1
817,366,464,712,1013,5,1,1
818,367,407,713,836,3,1,1
819,367,464,713,1013,2,1,1
820,368,378,723,757,4,1,1
821,368,459,723,1008,6,1,1
822,368,461,723,1010,12,1,1
823,369,378,731,757,3,1,1
824,369,459,731,1008,3,1,1
825,369,460,731,1009,3,1,1
826,369,461,731,1010,5,1,1
827,370,449,738,997,2,1,1
828,370,461,738,1010,9,1,1
829,371,372,740,744,2,1,1
830,372,374,744,746,2,1,1
831,372,377,744,755,2,1,1
832,373,377,745,755,2,1,1
833,375,382,750,770,4,1,1
834,376,379,751,758,3,1,1
835,376,382,751,770,7,1,1
836,377,445,755,992,2,1,1
837,377,460,755,1009,5,1,1
838,378,444,757,991,4,1,1
839,378,461,757,1010,3,1,1
840,380,461,767,1010,4,1,1
841,381,444,769,991,9,1,1
842,381,459,769,1008,5,1,1
843,381,461,769,1010,10,1,1
844,382,389,770,785,3,1,1
845,382,390,770,786,4,1,1
846,382,402,770,826,6,1,1
847,382,403,770,827,3,1,1
848,382,405,770,832,3,1,1
849,382,439,770,965,3,1,1
850,382,444,770,991,10,1,1
851,382,461,770,1010,5,1,1
852,383,402,771,826,4,1,1
853,384,402,776,826,4,1,1
854,385,402,778,826,4,1,1
855,386,402,779,826,4,1,1
856,387,401,780,825,3,1,1
857,387,402,780,826,3,1,1
858,387,403,780,827,3,1,1
859,388,401,781,825,4,1,1
860,389,403,785,827,2,1,1
861,389,405,785,832,2,1,1
862,390,400,786,816,3,1,1
863,390,405,786,832,2,1,1
864,391,409,791,838,2,1,1
865,391,410,791,841,2,1,1
866,391,412,791,852,3,1,1
867,392,395,796,806,3,1,1
868,392,408,796,837,3,1,1
869,392,412,796,852,4,1,1
870,392,414,796,866,2,1,1
871,393,394,801,805,3,1,1
872,393,395,801,806,3,1,1
873,393,400,801,816,4,1,1
874,394,399,805,815,3,1,1
875,394,400,805,816,2,1,1
876,396,464,807,1013,5,1,1
877,397,426,808,901,3,1,1
878,397,439,808,965,4,1,1
879,397,447,808,994,7,1,1
880,397,464,808,1013,7,1,1
881,398,400,809,816,3,1,1
882,399,400,815,816,2,1,1
883,400,439,816,965,4,1,1
884,403,405,827,832,2,1,1
885,403,406,827,833,2,1,1
886,403,407,827,836,2,1,1
887,404,405,831,832,2,1,1
888,407,464,836,1013,3,1,1
889,408,415,837,867,3,1,1
890,408,464,837,1013,2,1,1
891,411,413,850,859,3,1,1
892,411,414,850,866,3,1,1
893,412,414,852,866,5,1,1
894,412,415,852,867,4,1,1
895,412,425,852,895,2,1,1
896,414,415,866,867,2,1,1
897,414,420,866,875,2,1,1
898,414,421,866,876,3,1,1
899,414,425,866,895,3,1,1
900,415,425,867,895,3,1,1
901,416,423,870,892,4,1,1
902,416,426,870,901,4,1,1
903,417,425,871,895,2,1,1
904,418,425,872,895,3,1,1
905,419,425,873,895,2,1,1
906,422,423,888,892,2,1,1
907,424,425,894,895,2,1,1
908,426,436,901,938,3,1,1
909,426,438,901,959,3,1,1
910,426,464,901,1013,2,1,1
911,427,464,908,1013,2,1,1
912,428,464,909,1013,2,1,1
913,429,464,911,1013,3,1,1
914,430,464,913,1013,2,1,1
915,431,464,917,1013,2,1,1
916,432,465,919,1014,2,1,1
917,433,465,920,1014,3,1,1
918,434,465,922,1014,2,1,1
919,435,451,923,1000,3,1,1
920,435,464,923,1013,3,1,1
921,435,465,923,1014,4,1,1
922,436,438,938,959,4,1,1
923,437,464,957,1013,5,1,1
924,438,447,959,994,5,1,1
925,438,464,959,1013,10,1,1
926,439,464,965,1013,12,1,1
927,440,442,966,976,2,1,1
928,440,447,966,994,2,1,1
929,440,464,966,1013,9,1,1
930,441,464,971,1013,3,1,1
931,442,464,976,1013,3,1,1
932,443,459,990,1008,2,1,1
933,444,459,991,1008,3,1,1
934,444,461,991,1010,4,1,1
935,445,461,992,1010,3,1,1
936,446,459,993,1008,3,1,1
937,446,461,993,1010,3,1,1
938,447,459,994,1008,2,1,1
939,447,464,994,1013,9,1,1
940,447,465,994,1014,2,1,1
941,448,461,996,1010,3,1,1
942,449,461,997,1010,3,1,1
943,450,464,999,1013,3,1,1
944,450,465,999,1014,2,1,1
945,451,464,1000,1013,3,1,1
946,451,465,1000,1014,2,1,1
947,452,461,1001,1010,3,1,1
948,452,465,1001,1014,5,1,1
949,453,461,1002,1010,2,1,1
950,454,461,1003,1010,3,1,1
951,455,460,1004,1009,2,1,1
952,455,461,1004,1010,4,1,1
953,456,461,1005,1010,5,1,1
954,457,461,1006,1010,6,1,1
955,457,465,1006,1014,3,1,1
956,458,461,1007,1010,7,1,1
957,458,465,1007,1014,6,1,1
958,459,460,1008,1009,25,1,1
959,459,461,1008,1010,21,1,1
960,459,462,1008,1011,11,1,1
961,459,463,1008,1012,5,1,1
962,459,464,1008,1013,56,1,1
963,459,465,1008,1014,6,1,1
964,459,466,1008,1015,49,1,1
965,460,461,1009,1010,54,1,1
966,460,462,1009,1011,48,1,1
967,460,463,1009,1012,2,1,1
968,460,464,1009,1013,7,1,1
969,461,462,1010,1011,4,1,1
970,461,463,1010,1012,2,1,1
971,461,464,1010,1013,10,1,1
972,461,465,1010,1014,10,1,1
973,462,463,1011,1012,2,1,1
974,462,464,1011,1013,3,1,1
975,462,465,1011,1014,2,1,1
976,463,464,1012,1013,6,1,1
977,463,466,1012,1015,4,1,1
978,464,465,1013,1014,4,1,1
979,464,466,1013,1015,2,1,1
