local_id,original_id,name,freesurfer_name,region,hemisphere,parent_id,parent_name,layout_x,layout_y
0,2,rh.lateralorbitofrontal_11,lateralorbitofrontal_11,cortical,right,1,ctx-rh-lateralorbitofrontal,1,0
1,3,rh.lateralorbitofrontal_5,lateralorbitofrontal_5,cortical,right,1,ctx-rh-lateralorbitofrontal,0.999909491487,0.0134539523457
2,4,rh.lateralorbitofrontal_6,lateralorbitofrontal_6,cortical,right,1,ctx-rh-lateralorbitofrontal,0.999637982333,0.026905469297
3,7,rh.lateralorbitofrontal_4,lateralorbitofrontal_4,cortical,right,1,ctx-rh-lateralorbitofrontal,0.999185521684,0.0403521159003
4,8,rh.lateralorbitofrontal_17,lateralorbitofrontal_17,cortical,right,1,ctx-rh-lateralorbitofrontal,0.998552191444,0.0537914580835
5,9,rh.lateralorbitofrontal_8,lateralorbitofrontal_8,cortical,right,1,ctx-rh-lateralorbitofrontal,0.997738106256,0.0672210630971
6,11,rh.lateralorbitofrontal_13,lateralorbitofrontal_13,cortical,right,1,ctx-rh-lateralorbitofrontal,0.996743413485,0.0806384999537
7,12,rh.lateralorbitofrontal_12,lateralorbitofrontal_12,cortical,right,1,ctx-rh-lateralorbitofrontal,0.995568293185,0.0940413398689
8,13,rh.lateralorbitofrontal_1,lateralorbitofrontal_1,cortical,right,1,ctx-rh-lateralorbitofrontal,0.994212958074,0.107427156701
9,14,rh.lateralorbitofrontal_3,lateralorbitofrontal_3,cortical,right,1,ctx-rh-lateralorbitofrontal,0.992677653491,0.120793527388
10,15,rh.lateralorbitofrontal_16,lateralorbitofrontal_16,cortical,right,1,ctx-rh-lateralorbitofrontal,0.990962657352,0.13413803239
11,16,rh.lateralorbitofrontal_14,lateralorbitofrontal_14,cortical,right,1,ctx-rh-lateralorbitofrontal,0.9890682801,0.147458256125
12,27,rh.medialorbitofrontal_3,medialorbitofrontal_3,cortical,right,4,ctx-rh-medialorbitofrontal,0.98699486465,0.160751787404
13,28,rh.medialorbitofrontal_10,medialorbitofrontal_10,cortical,right,4,ctx-rh-medialorbitofrontal,0.984742786326,0.174016219874
14,29,rh.medialorbitofrontal_8,medialorbitofrontal_8,cortical,right,4,ctx-rh-medialorbitofrontal,0.982312452791,0.187249152444
15,31,rh.medialorbitofrontal_4,medialorbitofrontal_4,cortical,right,4,ctx-rh-medialorbitofrontal,0.979704303978,0.20044818973
16,33,rh.medialorbitofrontal_6,medialorbitofrontal_6,cortical,right,4,ctx-rh-medialorbitofrontal,0.976918812006,0.213610942482
17,35,rh.parstriangularis_8,parstriangularis_8,cortical,right,5,ctx-rh-parstriangularis,0.973956481097,0.226735028015
18,36,rh.parstriangularis_5,parstriangularis_5,cortical,right,5,ctx-rh-parstriangularis,0.970817847482,0.239818070648
19,40,rh.parstriangularis_2,parstriangularis_2,cortical,right,5,ctx-rh-parstriangularis,0.967503479309,0.252857702128
20,41,rh.parstriangularis_7,parstriangularis_7,cortical,right,5,ctx-rh-parstriangularis,0.964013976533,0.265851562058
21,44,rh.parsopercularis_4,parsopercularis_4,cortical,right,6,ctx-rh-parsopercularis,0.960349970815,0.27879729833
22,46,rh.parsopercularis_9,parsopercularis_9,cortical,right,6,ctx-rh-parsopercularis,0.956512125401,0.291692567543
23,49,rh.parsopercularis_7,parsopercularis_7,cortical,right,6,ctx-rh-parsopercularis,0.952501135008,0.304535035436
24,50,rh.parsopercularis_6,parsopercularis_6,cortical,right,6,ctx-rh-parsopercularis,0.948317725693,0.317322377303
25,51,rh.parsopercularis_2,parsopercularis_2,cortical,right,6,ctx-rh-parsopercularis,0.943962654723,0.330052278416
26,52,rh.rostralmiddlefrontal_19,rostralmiddlefrontal_19,cortical,right,7,ctx-rh-rostralmiddlefrontal,0.939436710442,0.342722434448
27,53,rh.rostralmiddlefrontal_21,rostralmiddlefrontal_21,cortical,right,7,ctx-rh-rostralmiddlefrontal,0.934740712121,0.355330551885
28,57,rh.rostralmiddlefrontal_10,rostralmiddlefrontal_10,cortical,right,7,ctx-rh-rostralmiddlefrontal,0.929875509818,0.367874348441
29,58,rh.rostralmiddlefrontal_20,rostralmiddlefrontal_20,cortical,right,7,ctx-rh-rostralmiddlefrontal,0.924841984215,0.380351553478
30,60,rh.rostralmiddlefrontal_18,rostralmiddlefrontal_18,cortical,right,7,ctx-rh-rostralmiddlefrontal,0.919641046468,0.392759908407
31,61,rh.rostralmiddlefrontal_7,rostralmiddlefrontal_7,cortical,right,7,ctx-rh-rostralmiddlefrontal,0.914273638033,0.405097167106
32,63,rh.rostralmiddlefrontal_23,rostralmiddlefrontal_23,cortical,right,7,ctx-rh-rostralmiddlefrontal,0.908740730504,0.417361096321
33,65,rh.rostralmiddlefrontal_27,rostralmiddlefrontal_27,cortical,right,7,ctx-rh-rostralmiddlefrontal,0.903043325431,0.429549476072
34,66,rh.rostralmiddlefrontal_14,rostralmiddlefrontal_14,cortical,right,7,ctx-rh-rostralmiddlefrontal,0.897182454142,0.441660100054
35,68,rh.rostralmiddlefrontal_9,rostralmiddlefrontal_9,cortical,right,7,ctx-rh-rostralmiddlefrontal,0.891159177553,0.453690776039
36,70,rh.rostralmiddlefrontal_2,rostralmiddlefrontal_2,cortical,right,7,ctx-rh-rostralmiddlefrontal,0.884974585981,0.465639326269
37,71,rh.rostralmiddlefrontal_13,rostralmiddlefrontal_13,cortical,right,7,ctx-rh-rostralmiddlefrontal,0.878629798941,0.477503587853
38,72,rh.rostralmiddlefrontal_11,rostralmiddlefrontal_11,cortical,right,7,ctx-rh-rostralmiddlefrontal,0.872125964949,0.489281413158
39,73,rh.rostralmiddlefrontal_3,rostralmiddlefrontal_3,cortical,right,7,ctx-rh-rostralmiddlefrontal,0.865464261309,0.500970670197
40,76,rh.rostralmiddlefrontal_26,rostralmiddlefrontal_26,cortical,right,7,ctx-rh-rostralmiddlefrontal,0.858645893902,0.512569243015
41,77,rh.rostralmiddlefrontal_1,rostralmiddlefrontal_1,cortical,right,7,ctx-rh-rostralmiddlefrontal,0.85167209697,0.524075032073
42,78,rh.rostralmiddlefrontal_6,rostralmiddlefrontal_6,cortical,right,7,ctx-rh-rostralmiddlefrontal,0.844544132888,0.535485954628
43,79,rh.superiorfrontal_40,superiorfrontal_40,cortical,right,8,ctx-rh-superiorfrontal,0.837263291939,0.546799945109
44,81,rh.superiorfrontal_3,superiorfrontal_3,cortical,right,8,ctx-rh-superiorfrontal,0.82983089208,0.55801495549
45,82,rh.superiorfrontal_14,superiorfrontal_14,cortical,right,8,ctx-rh-superiorfrontal,0.822248278701,0.569128955663
46,83,rh.superiorfrontal_7,superiorfrontal_7,cortical,right,8,ctx-rh-superiorfrontal,0.814516824384,0.580139933806
47,84,rh.superiorfrontal_23,superiorfrontal_23,cortical,right,8,ctx-rh-superiorfrontal,0.806637928654,0.591045896743
48,87,rh.superiorfrontal_19,superiorfrontal_19,cortical,right,8,ctx-rh-superiorfrontal,0.798613017726,0.60184487031
49,89,rh.superiorfrontal_1,superiorfrontal_1,cortical,right,8,ctx-rh-superiorfrontal,0.790443544245,0.612534899709
50,90,rh.superiorfrontal_27,superiorfrontal_27,cortical,right,8,ctx-rh-superiorfrontal,0.782130987024,0.623114049863
51,91,rh.superiorfrontal_30,superiorfrontal_30,cortical,right,8,ctx-rh-superiorfrontal,0.773676850779,0.633580405764
52,93,rh.superiorfrontal_2,superiorfrontal_2,cortical,right,8,ctx-rh-superiorfrontal,0.765082665852,0.643932072826
53,94,rh.superiorfrontal_11,superiorfrontal_11,cortical,right,8,ctx-rh-superiorfrontal,0.756349987936,0.654167177218
54,95,rh.superiorfrontal_37,superiorfrontal_37,cortical,right,8,ctx-rh-superiorfrontal,0.747480397795,0.664283866214
55,98,rh.superiorfrontal_25,superiorfrontal_25,cortical,right,8,ctx-rh-superiorfrontal,0.738475500976,0.674280308521
56,99,rh.superiorfrontal_24,superiorfrontal_24,cortical,right,8,ctx-rh-superiorfrontal,0.729336927518,0.684154694611
57,100,rh.superiorfrontal_38,superiorfrontal_38,cortical,right,8,ctx-rh-superiorfrontal,0.720066331659,0.693905237054
58,102,rh.superiorfrontal_5,superiorfrontal_5,cortical,right,8,ctx-rh-superiorfrontal,0.710665391534,0.703530170835
59,103,rh.superiorfrontal_22,superiorfrontal_22,cortical,right,8,ctx-rh-superiorfrontal,0.701135808874,0.713027753677
60,104,rh.superiorfrontal_21,superiorfrontal_21,cortical,right,8,ctx-rh-superiorfrontal,0.691479308696,0.722396266356
61,106,rh.superiorfrontal_18,superiorfrontal_18,cortical,right,8,ctx-rh-superiorfrontal,0.68169763899,0.731634013012
62,107,rh.superiorfrontal_42,superiorfrontal_42,cortical,right,8,ctx-rh-superiorfrontal,0.671792570405,0.740739321455
63,108,rh.superiorfrontal_13,superiorfrontal_13,cortical,right,8,ctx-rh-superiorfrontal,0.661765895927,0.749710543469
64,110,rh.superiorfrontal_33,superiorfrontal_33,cortical,right,8,ctx-rh-superiorfrontal,0.651619430555,0.75854605511
65,111,rh.superiorfrontal_28,superiorfrontal_28,cortical,right,8,ctx-rh-superiorfrontal,0.641355010972,0.767244257001
66,112,rh.superiorfrontal_41,superiorfrontal_41,cortical,right,8,ctx-rh-superiorfrontal,0.630974495213,0.775803574619
67,113,rh.superiorfrontal_16,superiorfrontal_16,cortical,right,8,ctx-rh-superiorfrontal,0.620479762327,0.784222458581
68,114,rh.superiorfrontal_6,superiorfrontal_6,cortical,right,8,ctx-rh-superiorfrontal,0.60987271204,0.792499384926
69,116,rh.superiorfrontal_17,superiorfrontal_17,cortical,right,8,ctx-rh-superiorfrontal,0.599155264409,0.80063285539
70,117,rh.superiorfrontal_31,superiorfrontal_31,cortical,right,8,ctx-rh-superiorfrontal,0.588329359475,0.808621397677
71,119,rh.superiorfrontal_34,superiorfrontal_34,cortical,right,8,ctx-rh-superiorfrontal,0.577396956909,0.816463565722
72,120,rh.superiorfrontal_26,superiorfrontal_26,cortical,right,8,ctx-rh-superiorfrontal,0.566360035664,0.824157939962
73,121,rh.caudalmiddlefrontal_8,caudalmiddlefrontal_8,cortical,right,9,ctx-rh-caudalmiddlefrontal,0.55522059361,0.831703127583
74,124,rh.caudalmiddlefrontal_3,caudalmiddlefrontal_3,cortical,right,9,ctx-rh-caudalmiddlefrontal,0.543980647175,0.839097762778
75,126,rh.caudalmiddlefrontal_5,caudalmiddlefrontal_5,cortical,right,9,ctx-rh-caudalmiddlefrontal,0.532642230982,0.846340506991
76,127,rh.caudalmiddlefrontal_11,caudalmiddlefrontal_11,cortical,right,9,ctx-rh-caudalmiddlefrontal,0.521207397477,0.853430049164
77,128,rh.caudalmiddlefrontal_10,caudalmiddlefrontal_10,cortical,right,9,ctx-rh-caudalmiddlefrontal,0.509678216559,0.860365105967
78,129,rh.caudalmiddlefrontal_1,caudalmiddlefrontal_1,cortical,right,9,ctx-rh-caudalmiddlefrontal,0.498056775206,0.867144422038
79,131,rh.caudalmiddlefrontal_6,caudalmiddlefrontal_6,cortical,right,9,ctx-rh-caudalmiddlefrontal,0.486345177097,0.873766770205
80,132,rh.precentral_12,precentral_12,cortical,right,10,ctx-rh-precentral,0.47454554223,0.880230951711
81,138,rh.precentral_21,precentral_21,cortical,right,10,ctx-rh-precentral,0.462660006542,0.886535796427
82,141,rh.precentral_20,precentral_20,cortical,right,10,ctx-rh-precentral,0.450690721515,0.892680163071
83,144,rh.precentral_23,precentral_23,cortical,right,10,ctx-rh-precentral,0.438639853794,0.898662939407
84,145,rh.precentral_19,precentral_19,cortical,right,10,ctx-rh-precentral,0.426509584791,0.904483042451
85,146,rh.precentral_22,precentral_22,cortical,right,10,ctx-rh-precentral,0.414302110292,0.910139418665
86,147,rh.precentral_26,precentral_26,cortical,right,10,ctx-rh-precentral,0.402019640058,0.915631044148
87,151,rh.precentral_9,precentral_9,cortical,right,10,ctx-rh-precentral,0.389664397424,0.920956924823
88,153,rh.precentral_32,precentral_32,cortical,right,10,ctx-rh-precentral,0.3772386189,0.926116096616
89,154,rh.precentral_16,precentral_16,cortical,right,10,ctx-rh-precentral,0.364744553763,0.931107625627
90,155,rh.precentral_15,precentral_15,cortical,right,10,ctx-rh-precentral,0.352184463652,0.935930608305
91,158,rh.precentral_27,precentral_27,cortical,right,10,ctx-rh-precentral,0.339560622157,0.940584171608
92,159,rh.precentral_7,precentral_7,cortical,right,10,ctx-rh-precentral,0.326875314408,0.945067473163
93,161,rh.precentral_14,precentral_14,cortical,right,10,ctx-rh-precentral,0.314130836662,0.949379701415
94,162,rh.precentral_33,precentral_33,cortical,right,10,ctx-rh-precentral,0.301329495887,0.953520075776
95,163,rh.precentral_24,precentral_24,cortical,right,10,ctx-rh-precentral,0.288473609342,0.957487846771
96,164,rh.precentral_13,precentral_13,cortical,right,10,ctx-rh-precentral,0.275565504162,0.961282296163
97,165,rh.precentral_29,precentral_29,cortical,right,10,ctx-rh-precentral,0.262607516935,0.964902737093
98,166,rh.precentral_25,precentral_25,cortical,right,10,ctx-rh-precentral,0.249601993276,0.9683485142
99,172,rh.paracentral_3,paracentral_3,cortical,right,11,ctx-rh-paracentral,0.236551287407,0.971619003739
100,176,rh.paracentral_10,paracentral_10,cortical,right,11,ctx-rh-paracentral,0.223457761727,0.974713613696
101,177,rh.paracentral_11,paracentral_11,cortical,right,11,ctx-rh-paracentral,0.210323786388,0.977631783894
102,178,rh.paracentral_7,paracentral_7,cortical,right,11,ctx-rh-paracentral,0.197151738863,0.980372986094
103,179,rh.paracentral_8,paracentral_8,cortical,right,11,ctx-rh-paracentral,0.183944003516,0.982936724093
104,180,rh.rostralanteriorcingulate_2,rostralanteriorcingulate_2,cortical,right,12,ctx-rh-rostralanteriorcingulate,0.170702971173,0.985322533809
105,181,rh.rostralanteriorcingulate_1,rostralanteriorcingulate_1,cortical,right,12,ctx-rh-rostralanteriorcingulate,0.157431038686,0.987529983372
106,182,rh.rostralanteriorcingulate_4,rostralanteriorcingulate_4,cortical,right,12,ctx-rh-rostralanteriorcingulate,0.144130608501,0.989558673194
107,183,rh.rostralanteriorcingulate_3,rostralanteriorcingulate_3,cortical,right,12,ctx-rh-rostralanteriorcingulate,0.130804088221,0.991408236048
108,184,rh.caudalanteriorcingulate_1,caudalanteriorcingulate_1,cortical,right,13,ctx-rh-caudalanteriorcingulate,0.117453890175,0.993078337133
109,185,rh.caudalanteriorcingulate_6,caudalanteriorcingulate_6,cortical,right,13,ctx-rh-caudalanteriorcingulate,0.104082430975,0.994568674131
110,186,rh.caudalanteriorcingulate_4,caudalanteriorcingulate_4,cortical,right,13,ctx-rh-caudalanteriorcingulate,0.0906921310823,0.995878977266
111,187,rh.caudalanteriorcingulate_2,caudalanteriorcingulate_2,cortical,right,13,ctx-rh-caudalanteriorcingulate,0.0772854143702,0.99700900935
112,188,rh.caudalanteriorcingulate_3,caudalanteriorcingulate_3,cortical,right,13,ctx-rh-caudalanteriorcingulate,0.0638647076822,0.99795856583
113,189,rh.caudalanteriorcingulate_5,caudalanteriorcingulate_5,cortical,right,13,ctx-rh-caudalanteriorcingulate,0.0504324403948,0.998727474818
114,190,rh.posteriorcingulate_8,posteriorcingulate_8,cortical,right,14,ctx-rh-posteriorcingulate,0.0369910439771,0.999315597129
115,191,rh.posteriorcingulate_1,posteriorcingulate_1,cortical,right,14,ctx-rh-posteriorcingulate,0.0235429515506,0.999722826304
116,192,rh.posteriorcingulate_7,posteriorcingulate_7,cortical,right,14,ctx-rh-posteriorcingulate,0.0100905974491,0.999949088626
117,193,rh.posteriorcingulate_2,posteriorcingulate_2,cortical,right,14,ctx-rh-posteriorcingulate,-0.00336358322241,0.999994343138
118,194,rh.posteriorcingulate_5,posteriorcingulate_5,cortical,right,14,ctx-rh-posteriorcingulate,-0.0168171550281,0.999858581649
119,195,rh.posteriorcingulate_3,posteriorcingulate_3,cortical,right,14,ctx-rh-posteriorcingulate,-0.0302676826423,0.999541828733
120,196,rh.posteriorcingulate_9,posteriorcingulate_9,cortical,right,14,ctx-rh-posteriorcingulate,-0.0437127312907,0.999044141729
121,198,rh.posteriorcingulate_6,posteriorcingulate_6,cortical,right,14,ctx-rh-posteriorcingulate,-0.0571498671905,0.998365610726
122,199,rh.isthmuscingulate_3,isthmuscingulate_3,cortical,right,15,ctx-rh-isthmuscingulate,-0.0705766579913,0.99750635855
123,202,rh.isthmuscingulate_4,isthmuscingulate_4,cortical,right,15,ctx-rh-isthmuscingulate,-0.0839906732155,0.996466540739
124,203,rh.isthmuscingulate_5,isthmuscingulate_5,cortical,right,15,ctx-rh-isthmuscingulate,-0.0973894846978,0.99524634552
125,204,rh.isthmuscingulate_6,isthmuscingulate_6,cortical,right,15,ctx-rh-isthmuscingulate,-0.110770667025,0.993845993767
126,205,rh.postcentral_24,postcentral_24,cortical,right,16,ctx-rh-postcentral,-0.124131797976,0.992265738969
127,210,rh.postcentral_11,postcentral_11,cortical,right,16,ctx-rh-postcentral,-0.137470458958,0.990505867178
128,213,rh.postcentral_27,postcentral_27,cortical,right,16,ctx-rh-postcentral,-0.150784235446,0.988566696961
129,218,rh.postcentral_30,postcentral_30,cortical,right,16,ctx-rh-postcentral,-0.164070717421,0.986448579342
130,223,rh.postcentral_29,postcentral_29,cortical,right,16,ctx-rh-postcentral,-0.177327499802,0.984151897734
131,226,rh.postcentral_14,postcentral_14,cortical,right,16,ctx-rh-postcentral,-0.190552182887,0.981677067878
132,228,rh.postcentral_21,postcentral_21,cortical,right,16,ctx-rh-postcentral,-0.203742372782,0.979024537758
133,229,rh.postcentral_8,postcentral_8,cortical,right,16,ctx-rh-postcentral,-0.21689568184,0.976194787529
134,231,rh.postcentral_2,postcentral_2,cortical,right,16,ctx-rh-postcentral,-0.230009729086,0.973188329423
135,235,rh.supramarginal_19,supramarginal_19,cortical,right,17,ctx-rh-supramarginal,-0.243082140655,0.970005707661
136,237,rh.supramarginal_11,supramarginal_11,cortical,right,17,ctx-rh-supramarginal,-0.256110550217,0.966647498351
137,249,rh.supramarginal_6,supramarginal_6,cortical,right,17,ctx-rh-supramarginal,-0.26909259941,0.963114309385
138,250,rh.supramarginal_12,supramarginal_12,cortical,right,17,ctx-rh-supramarginal,-0.282025938261,0.959406780332
139,253,rh.supramarginal_5,supramarginal_5,cortical,right,17,ctx-rh-supramarginal,-0.294908225616,0.955525582318
140,254,rh.supramarginal_17,supramarginal_17,cortical,right,17,ctx-rh-supramarginal,-0.307737129561,0.951471417905
141,255,rh.superiorparietal_13,superiorparietal_13,cortical,right,18,ctx-rh-superiorparietal,-0.320510327845,0.947245020966
142,256,rh.superiorparietal_24,superiorparietal_24,cortical,right,18,ctx-rh-superiorparietal,-0.333225508304,0.942847156551
143,258,rh.superiorparietal_10,superiorparietal_10,cortical,right,18,ctx-rh-superiorparietal,-0.345880369273,0.938278620748
144,268,rh.superiorparietal_25,superiorparietal_25,cortical,right,18,ctx-rh-superiorparietal,-0.358472620005,0.93354024054
145,269,rh.superiorparietal_22,superiorparietal_22,cortical,right,18,ctx-rh-superiorparietal,-0.370999981091,0.928632873654
146,270,rh.superiorparietal_9,superiorparietal_9,cortical,right,18,ctx-rh-superiorparietal,-0.383460184863,0.923557408408
147,271,rh.superiorparietal_5,superiorparietal_5,cortical,right,18,ctx-rh-superiorparietal,-0.395850975813,0.918314763547
148,274,rh.superiorparietal_2,superiorparietal_2,cortical,right,18,ctx-rh-superiorparietal,-0.408170110997,0.912905888079
149,275,rh.superiorparietal_14,superiorparietal_14,cortical,right,18,ctx-rh-superiorparietal,-0.420415360442,0.907331761102
150,276,rh.superiorparietal_11,superiorparietal_11,cortical,right,18,ctx-rh-superiorparietal,-0.432584507548,0.901593391629
151,282,rh.superiorparietal_3,superiorparietal_3,cortical,right,18,ctx-rh-superiorparietal,-0.444675349494,0.895691818402
152,283,rh.superiorparietal_8,superiorparietal_8,cortical,right,18,ctx-rh-superiorparietal,-0.456685697631,0.889628109706
153,284,rh.inferiorparietal_13,inferiorparietal_13,cortical,right,19,ctx-rh-inferiorparietal,-0.468613377881,0.883403363176
154,299,rh.inferiorparietal_14,inferiorparietal_14,cortical,right,19,ctx-rh-inferiorparietal,-0.480456231131,0.877018705597
155,301,rh.inferiorparietal_18,inferiorparietal_18,cortical,right,19,ctx-rh-inferiorparietal,-0.492212113624,0.870475292701
156,302,rh.inferiorparietal_10,inferiorparietal_10,cortical,right,19,ctx-rh-inferiorparietal,-0.503878897344,0.863774308956
157,303,rh.inferiorparietal_20,inferiorparietal_20,cortical,right,19,ctx-rh-inferiorparietal,-0.515454470404,0.856916967355
158,304,rh.inferiorparietal_22,inferiorparietal_22,cortical,right,19,ctx-rh-inferiorparietal,-0.52693673743,0.849904509193
159,305,rh.inferiorparietal_23,inferiorparietal_23,cortical,right,19,ctx-rh-inferiorparietal,-0.538323619934,0.842738203846
160,308,rh.inferiorparietal_15,inferiorparietal_15,cortical,right,19,ctx-rh-inferiorparietal,-0.549613056698,0.835419348535
161,311,rh.precuneus_1,precuneus_1,cortical,right,20,ctx-rh-precuneus,-0.560803004142,0.827949268099
162,312,rh.precuneus_3,precuneus_3,cortical,right,20,ctx-rh-precuneus,-0.571891436694,0.820329314749
163,313,rh.precuneus_6,precuneus_6,cortical,right,20,ctx-rh-precuneus,-0.582876347159,0.812560867826
164,314,rh.precuneus_19,precuneus_19,cortical,right,20,ctx-rh-precuneus,-0.593755747081,0.804645333553
165,315,rh.precuneus_10,precuneus_10,cortical,right,20,ctx-rh-precuneus,-0.604527667104,0.796584144774
166,316,rh.precuneus_16,precuneus_16,cortical,right,20,ctx-rh-precuneus,-0.615190157328,0.788378760703
167,326,rh.precuneus_20,precuneus_20,cortical,right,20,ctx-rh-precuneus,-0.625741287658,0.780030666653
168,327,rh.precuneus_4,precuneus_4,cortical,right,20,ctx-rh-precuneus,-0.636179148162,0.771541373773
169,329,rh.precuneus_23,precuneus_23,cortical,right,20,ctx-rh-precuneus,-0.646501849409,0.762912418768
170,341,rh.pericalcarine_1,pericalcarine_1,cortical,right,22,ctx-rh-pericalcarine,-0.656707522814,0.754145363626
171,344,rh.pericalcarine_7,pericalcarine_7,cortical,right,22,ctx-rh-pericalcarine,-0.666794320977,0.745241795334
172,345,rh.pericalcarine_2,pericalcarine_2,cortical,right,22,ctx-rh-pericalcarine,-0.676760418015,0.736203325589
173,349,rh.lateraloccipital_18,lateraloccipital_18,cortical,right,23,ctx-rh-lateraloccipital,-0.686604009896,0.727031590507
174,355,rh.lateraloccipital_15,lateraloccipital_15,cortical,right,23,ctx-rh-lateraloccipital,-0.69632331476,0.71772825033
175,356,rh.lateraloccipital_16,lateraloccipital_16,cortical,right,23,ctx-rh-lateraloccipital,-0.70591657325,0.708294989119
176,357,rh.lateraloccipital_23,lateraloccipital_23,cortical,right,23,ctx-rh-lateraloccipital,-0.715382048821,0.698733514456
177,358,rh.lateraloccipital_7,lateraloccipital_7,cortical,right,23,ctx-rh-lateraloccipital,-0.724718028062,0.689045557131
178,359,rh.lateraloccipital_3,lateraloccipital_3,cortical,right,23,ctx-rh-lateraloccipital,-0.733922821,0.679232870829
179,360,rh.lateraloccipital_17,lateraloccipital_17,cortical,right,23,ctx-rh-lateraloccipital,-0.742994761413,0.669297231813
180,364,rh.lateraloccipital_8,lateraloccipital_8,cortical,right,23,ctx-rh-lateraloccipital,-0.751932207124,0.659240438603
181,367,rh.lateraloccipital_6,lateraloccipital_6,cortical,right,23,ctx-rh-lateraloccipital,-0.760733540304,0.649064311649
182,369,rh.lateraloccipital_5,lateraloccipital_5,cortical,right,23,ctx-rh-lateraloccipital,-0.769397167761,0.638770693005
183,370,rh.lateraloccipital_22,lateraloccipital_22,cortical,right,23,ctx-rh-lateraloccipital,-0.777921521231,0.628361445989
184,385,rh.lingual_6,lingual_6,cortical,right,24,ctx-rh-lingual,-0.786305057661,0.617838454854
185,390,rh.fusiform_2,fusiform_2,cortical,right,25,ctx-rh-fusiform,-0.794546259489,0.607203624439
186,396,rh.fusiform_17,fusiform_17,cortical,right,25,ctx-rh-fusiform,-0.802643634916,0.596458879831
187,397,rh.fusiform_15,fusiform_15,cortical,right,25,ctx-rh-fusiform,-0.81059571818,0.58560616601
188,403,rh.fusiform_1,fusiform_1,cortical,right,25,ctx-rh-fusiform,-0.818401069818,0.574647447503
189,404,rh.fusiform_10,fusiform_10,cortical,right,25,ctx-rh-fusiform,-0.826058276928,0.563584708024
190,410,rh.parahippocampal_5,parahippocampal_5,cortical,right,26,ctx-rh-parahippocampal,-0.833565953427,0.552419950118
191,411,rh.parahippocampal_4,parahippocampal_4,cortical,right,26,ctx-rh-parahippocampal,-0.840922740296,0.541155194795
192,413,rh.entorhinal_2,entorhinal_2,cortical,right,27,ctx-rh-entorhinal,-0.848127305831,0.529792481169
193,417,rh.inferiortemporal_16,inferiortemporal_16,cortical,right,29,ctx-rh-inferiortemporal,-0.855178345885,0.518333866084
194,421,rh.inferiortemporal_11,inferiortemporal_11,cortical,right,29,ctx-rh-inferiortemporal,-0.862074584098,0.506781423744
195,423,rh.inferiortemporal_1,inferiortemporal_1,cortical,right,29,ctx-rh-inferiortemporal,-0.868814772135,0.495137245338
196,425,rh.inferiortemporal_7,inferiortemporal_7,cortical,right,29,ctx-rh-inferiortemporal,-0.875397689905,0.483403438661
197,427,rh.inferiortemporal_6,inferiortemporal_6,cortical,right,29,ctx-rh-inferiortemporal,-0.88182214579,0.471582127731
198,430,rh.inferiortemporal_15,inferiortemporal_15,cortical,right,29,ctx-rh-inferiortemporal,-0.888086976852,0.459675452407
199,433,rh.middletemporal_12,middletemporal_12,cortical,right,30,ctx-rh-middletemporal,-0.894191049052,0.447685568
200,436,rh.middletemporal_15,middletemporal_15,cortical,right,30,ctx-rh-middletemporal,-0.900133257448,0.435614644883
201,440,rh.middletemporal_4,middletemporal_4,cortical,right,30,ctx-rh-middletemporal,-0.905912526399,0.423464868099
202,444,rh.middletemporal_8,middletemporal_8,cortical,right,30,ctx-rh-middletemporal,-0.911527809759,0.411238436964
203,445,rh.middletemporal_9,middletemporal_9,cortical,right,30,ctx-rh-middletemporal,-0.916978091066,0.39893756467
204,452,rh.bankssts_3,bankssts_3,cortical,right,31,ctx-rh-bankssts,-0.922262383727,0.386564477885
205,454,rh.bankssts_2,bankssts_2,cortical,right,31,ctx-rh-bankssts,-0.927379731194,0.374121416348
206,455,rh.bankssts_1,bankssts_1,cortical,right,31,ctx-rh-bankssts,-0.932329207141,0.361610632466
207,460,rh.superiortemporal_14,superiortemporal_14,cortical,right,32,ctx-rh-superiortemporal,-0.937109915628,0.349034390902
208,467,rh.superiortemporal_21,superiortemporal_21,cortical,right,32,ctx-rh-superiortemporal,-0.941720991265,0.336394968171
209,468,rh.superiortemporal_24,superiortemporal_24,cortical,right,32,ctx-rh-superiortemporal,-0.94616159937,0.323694652223
210,473,rh.superiortemporal_11,superiortemporal_11,cortical,right,32,ctx-rh-superiortemporal,-0.950430936116,0.310935742032
211,480,rh.superiortemporal_20,superiortemporal_20,cortical,right,32,ctx-rh-superiortemporal,-0.954528228682,0.298120547178
212,486,rh.insula_16,insula_16,cortical,right,34,ctx-rh-insula,-0.958452735386,0.285251387429
213,487,rh.insula_13,insula_13,cortical,right,34,ctx-rh-insula,-0.962203745828,0.272330592323
214,488,rh.insula_6,insula_6,cortical,right,34,ctx-rh-insula,-0.965780581009,0.259360500743
215,489,rh.insula_4,insula_4,cortical,right,34,ctx-rh-insula,-0.969182593462,0.246343460496
216,490,rh.insula_5,insula_5,cortical,right,34,ctx-rh-insula,-0.972409167366,0.233281827889
217,491,rh.insula_15,insula_15,cortical,right,34,ctx-rh-insula,-0.975459718654,0.2201779673
218,492,rh.insula_8,insula_8,cortical,right,34,ctx-rh-insula,-0.978333695125,0.20703425075
219,493,rh.insula_11,insula_11,cortical,right,34,ctx-rh-insula,-0.981030576541,0.193853057475
220,494,rh.insula_10,insula_10,cortical,right,34,ctx-rh-insula,-0.98354987472,0.180636773497
221,495,rh.insula_1,insula_1,cortical,right,34,ctx-rh-insula,-0.985891133626,0.167387791187
222,496,rh.insula_7,insula_7,cortical,right,34,ctx-rh-insula,-0.988053929451,0.154108508837
223,497,rh.insula_14,insula_14,cortical,right,34,ctx-rh-insula,-0.990037870694,0.140801330223
224,498,rh.insula_3,insula_3,cortical,right,34,ctx-rh-insula,-0.991842598225,0.127468664171
225,499,rh.insula_2,insula_2,cortical,right,34,ctx-rh-insula,-0.99346778536,0.114112924121
226,500,rh.insula_12,insula_12,cortical,right,34,ctx-rh-insula,-0.994913137912,0.100736527689
227,501,rh.insula_9,insula_9,cortical,right,34,ctx-rh-insula,-0.996178394246,0.0873418962299
228,502,Right-Thalamus-Proper,Right-Thalamus-Proper,subcortical,right,35,Right-Thalamus-Proper,-0.997263325331,0.0739314544008
229,503,Right-Caudate,Right-Caudate,subcortical,right,36,Right-Caudate,-0.998167734775,0.0605076297197
230,504,Right-Putamen,Right-Putamen,subcortical,right,37,Right-Putamen,-0.998891458865,0.0470728521274
231,505,Right-Pallidum,Right-Pallidum,subcortical,right,38,Right-Pallidum,-0.999434366594,0.0336295535475
232,506,Right-Accumbens-area,Right-Accumbens-area,subcortical,right,39,Right-Accumbens-area,-0.999796359686,0.0201801674458
233,507,Right-Hippocampus,Right-Hippocampus,subcortical,right,40,Right-Hippocampus,-0.999977372616,0.00672712839018
234,508,Right-Amygdala,Right-Amygdala,subcortical,right,41,Right-Amygdala,-0.999977372616,-0.00672712839018
235,509,lh.lateralorbitofrontal_9,lateralorbitofrontal_9,cortical,left,42,ctx-lh-lateralorbitofrontal,-0.999796359686,-0.0201801674458
236,510,lh.lateralorbitofrontal_4,lateralorbitofrontal_4,cortical,left,42,ctx-lh-lateralorbitofrontal,-0.999434366594,-0.0336295535475
237,511,lh.lateralorbitofrontal_6,lateralorbitofrontal_6,cortical,left,42,ctx-lh-lateralorbitofrontal,-0.998891458865,-0.0470728521274
238,512,lh.lateralorbitofrontal_3,lateralorbitofrontal_3,cortical,left,42,ctx-lh-lateralorbitofrontal,-0.998167734775,-0.0605076297197
239,513,lh.lateralorbitofrontal_13,lateralorbitofrontal_13,cortical,left,42,ctx-lh-lateralorbitofrontal,-0.997263325331,-0.0739314544008
240,514,lh.lateralorbitofrontal_2,lateralorbitofrontal_2,cortical,left,42,ctx-lh-lateralorbitofrontal,-0.996178394246,-0.0873418962299
241,516,lh.lateralorbitofrontal_7,lateralorbitofrontal_7,cortical,left,42,ctx-lh-lateralorbitofrontal,-0.994913137912,-0.100736527689
242,517,lh.lateralorbitofrontal_10,lateralorbitofrontal_10,cortical,left,42,ctx-lh-lateralorbitofrontal,-0.99346778536,-0.114112924121
243,518,lh.lateralorbitofrontal_12,lateralorbitofrontal_12,cortical,left,42,ctx-lh-lateralorbitofrontal,-0.991842598225,-0.127468664171
244,521,lh.lateralorbitofrontal_8,lateralorbitofrontal_8,cortical,left,42,ctx-lh-lateralorbitofrontal,-0.990037870694,-0.140801330223
245,522,lh.lateralorbitofrontal_5,lateralorbitofrontal_5,cortical,left,42,ctx-lh-lateralorbitofrontal,-0.988053929451,-0.154108508837
246,523,lh.lateralorbitofrontal_1,lateralorbitofrontal_1,cortical,left,42,ctx-lh-lateralorbitofrontal,-0.985891133626,-0.167387791187
247,533,lh.medialorbitofrontal_4,medialorbitofrontal_4,cortical,left,45,ctx-lh-medialorbitofrontal,-0.98354987472,-0.180636773497
248,534,lh.medialorbitofrontal_5,medialorbitofrontal_5,cortical,left,45,ctx-lh-medialorbitofrontal,-0.981030576541,-0.193853057475
249,538,lh.medialorbitofrontal_7,medialorbitofrontal_7,cortical,left,45,ctx-lh-medialorbitofrontal,-0.978333695125,-0.20703425075
250,539,lh.medialorbitofrontal_1,medialorbitofrontal_1,cortical,left,45,ctx-lh-medialorbitofrontal,-0.975459718654,-0.2201779673
251,541,lh.parstriangularis_3,parstriangularis_3,cortical,left,46,ctx-lh-parstriangularis,-0.972409167366,-0.233281827889
252,545,lh.parstriangularis_6,parstriangularis_6,cortical,left,46,ctx-lh-parstriangularis,-0.969182593462,-0.246343460496
253,546,lh.parstriangularis_2,parstriangularis_2,cortical,left,46,ctx-lh-parstriangularis,-0.965780581009,-0.259360500743
254,548,lh.parsopercularis_6,parsopercularis_6,cortical,left,47,ctx-lh-parsopercularis,-0.962203745828,-0.272330592323
255,549,lh.parsopercularis_7,parsopercularis_7,cortical,left,47,ctx-lh-parsopercularis,-0.958452735386,-0.285251387429
256,550,lh.parsopercularis_2,parsopercularis_2,cortical,left,47,ctx-lh-parsopercularis,-0.954528228682,-0.298120547178
257,551,lh.parsopercularis_9,parsopercularis_9,cortical,left,47,ctx-lh-parsopercularis,-0.950430936116,-0.310935742032
258,552,lh.parsopercularis_8,parsopercularis_8,cortical,left,47,ctx-lh-parsopercularis,-0.94616159937,-0.323694652223
259,553,lh.parsopercularis_4,parsopercularis_4,cortical,left,47,ctx-lh-parsopercularis,-0.941720991265,-0.336394968171
260,555,lh.parsopercularis_3,parsopercularis_3,cortical,left,47,ctx-lh-parsopercularis,-0.937109915628,-0.349034390902
261,557,lh.parsopercularis_1,parsopercularis_1,cortical,left,47,ctx-lh-parsopercularis,-0.932329207141,-0.361610632466
262,560,lh.rostralmiddlefrontal_13,rostralmiddlefrontal_13,cortical,left,48,ctx-lh-rostralmiddlefrontal,-0.927379731194,-0.374121416348
263,561,lh.rostralmiddlefrontal_9,rostralmiddlefrontal_9,cortical,left,48,ctx-lh-rostralmiddlefrontal,-0.922262383727,-0.386564477885
264,562,lh.rostralmiddlefrontal_19,rostralmiddlefrontal_19,cortical,left,48,ctx-lh-rostralmiddlefrontal,-0.916978091066,-0.39893756467
265,565,lh.rostralmiddlefrontal_22,rostralmiddlefrontal_22,cortical,left,48,ctx-lh-rostralmiddlefrontal,-0.911527809759,-0.411238436964
266,566,lh.rostralmiddlefrontal_4,rostralmiddlefrontal_4,cortical,left,48,ctx-lh-rostralmiddlefrontal,-0.905912526399,-0.423464868099
267,567,lh.rostralmiddlefrontal_26,rostralmiddlefrontal_26,cortical,left,48,ctx-lh-rostralmiddlefrontal,-0.900133257448,-0.435614644883
268,568,lh.rostralmiddlefrontal_18,rostralmiddlefrontal_18,cortical,left,48,ctx-lh-rostralmiddlefrontal,-0.894191049052,-0.447685568
269,571,lh.rostralmiddlefrontal_10,rostralmiddlefrontal_10,cortical,left,48,ctx-lh-rostralmiddlefrontal,-0.888086976852,-0.459675452407
270,573,lh.rostralmiddlefrontal_23,rostralmiddlefrontal_23,cortical,left,48,ctx-lh-rostralmiddlefrontal,-0.88182214579,-0.471582127731
271,576,lh.rostralmiddlefrontal_8,rostralmiddlefrontal_8,cortical,left,48,ctx-lh-rostralmiddlefrontal,-0.875397689905,-0.483403438661
272,578,lh.rostralmiddlefrontal_7,rostralmiddlefrontal_7,cortical,left,48,ctx-lh-rostralmiddlefrontal,-0.868814772135,-0.495137245338
273,580,lh.rostralmiddlefrontal_3,rostralmiddlefrontal_3,cortical,left,48,ctx-lh-rostralmiddlefrontal,-0.862074584098,-0.506781423744
274,582,lh.rostralmiddlefrontal_25,rostralmiddlefrontal_25,cortical,left,48,ctx-lh-rostralmiddlefrontal,-0.855178345885,-0.518333866084
275,583,lh.rostralmiddlefrontal_1,rostralmiddlefrontal_1,cortical,left,48,ctx-lh-rostralmiddlefrontal,-0.848127305831,-0.529792481169
276,584,lh.superiorfrontal_11,superiorfrontal_11,cortical,left,49,ctx-lh-superiorfrontal,-0.840922740296,-0.541155194795
277,585,lh.superiorfrontal_32,superiorfrontal_32,cortical,left,49,ctx-lh-superiorfrontal,-0.833565953427,-0.552419950118
278,586,lh.superiorfrontal_8,superiorfrontal_8,cortical,left,49,ctx-lh-superiorfrontal,-0.826058276928,-0.563584708024
279,587,lh.superiorfrontal_14,superiorfrontal_14,cortical,left,49,ctx-lh-superiorfrontal,-0.818401069818,-0.574647447503
280,589,lh.superiorfrontal_10,superiorfrontal_10,cortical,left,49,ctx-lh-superiorfrontal,-0.81059571818,-0.58560616601
281,590,lh.superiorfrontal_35,superiorfrontal_35,cortical,left,49,ctx-lh-superiorfrontal,-0.802643634916,-0.596458879831
282,591,lh.superiorfrontal_42,superiorfrontal_42,cortical,left,49,ctx-lh-superiorfrontal,-0.794546259489,-0.607203624439
283,592,lh.superiorfrontal_24,superiorfrontal_24,cortical,left,49,ctx-lh-superiorfrontal,-0.786305057661,-0.617838454854
284,594,lh.superiorfrontal_23,superiorfrontal_23,cortical,left,49,ctx-lh-superiorfrontal,-0.777921521231,-0.628361445989
285,596,lh.superiorfrontal_1,superiorfrontal_1,cortical,left,49,ctx-lh-superiorfrontal,-0.769397167761,-0.638770693005
286,597,lh.superiorfrontal_38,superiorfrontal_38,cortical,left,49,ctx-lh-superiorfrontal,-0.760733540304,-0.649064311649
287,598,lh.superiorfrontal_45,superiorfrontal_45,cortical,left,49,ctx-lh-superiorfrontal,-0.751932207124,-0.659240438603
288,601,lh.superiorfrontal_21,superiorfrontal_21,cortical,left,49,ctx-lh-superiorfrontal,-0.742994761413,-0.669297231813
289,602,lh.superiorfrontal_29,superiorfrontal_29,cortical,left,49,ctx-lh-superiorfrontal,-0.733922821,-0.679232870829
290,603,lh.superiorfrontal_44,superiorfrontal_44,cortical,left,49,ctx-lh-superiorfrontal,-0.724718028062,-0.689045557131
291,604,lh.superiorfrontal_19,superiorfrontal_19,cortical,left,49,ctx-lh-superiorfrontal,-0.715382048821,-0.698733514456
292,606,lh.superiorfrontal_28,superiorfrontal_28,cortical,left,49,ctx-lh-superiorfrontal,-0.70591657325,-0.708294989119
293,607,lh.superiorfrontal_22,superiorfrontal_22,cortical,left,49,ctx-lh-superiorfrontal,-0.69632331476,-0.71772825033
294,608,lh.superiorfrontal_27,superiorfrontal_27,cortical,left,49,ctx-lh-superiorfrontal,-0.686604009896,-0.727031590507
295,609,lh.superiorfrontal_20,superiorfrontal_20,cortical,left,49,ctx-lh-superiorfrontal,-0.676760418015,-0.736203325589
296,610,lh.superiorfrontal_37,superiorfrontal_37,cortical,left,49,ctx-lh-superiorfrontal,-0.666794320977,-0.745241795334
297,612,lh.superiorfrontal_36,superiorfrontal_36,cortical,left,49,ctx-lh-superiorfrontal,-0.656707522814,-0.754145363626
298,613,lh.superiorfrontal_7,superiorfrontal_7,cortical,left,49,ctx-lh-superiorfrontal,-0.646501849409,-0.762912418768
299,614,lh.superiorfrontal_2,superiorfrontal_2,cortical,left,49,ctx-lh-superiorfrontal,-0.636179148162,-0.771541373773
300,615,lh.superiorfrontal_18,superiorfrontal_18,cortical,left,49,ctx-lh-superiorfrontal,-0.625741287658,-0.780030666653
301,616,lh.superiorfrontal_34,superiorfrontal_34,cortical,left,49,ctx-lh-superiorfrontal,-0.615190157328,-0.788378760703
302,618,lh.superiorfrontal_3,superiorfrontal_3,cortical,left,49,ctx-lh-superiorfrontal,-0.604527667104,-0.796584144774
303,619,lh.superiorfrontal_31,superiorfrontal_31,cortical,left,49,ctx-lh-superiorfrontal,-0.593755747081,-0.804645333553
304,622,lh.superiorfrontal_15,superiorfrontal_15,cortical,left,49,ctx-lh-superiorfrontal,-0.582876347159,-0.812560867826
305,623,lh.superiorfrontal_43,superiorfrontal_43,cortical,left,49,ctx-lh-superiorfrontal,-0.571891436694,-0.820329314749
306,624,lh.superiorfrontal_26,superiorfrontal_26,cortical,left,49,ctx-lh-superiorfrontal,-0.560803004142,-0.827949268099
307,625,lh.superiorfrontal_6,superiorfrontal_6,cortical,left,49,ctx-lh-superiorfrontal,-0.549613056698,-0.835419348535
308,626,lh.superiorfrontal_13,superiorfrontal_13,cortical,left,49,ctx-lh-superiorfrontal,-0.538323619934,-0.842738203846
309,627,lh.superiorfrontal_17,superiorfrontal_17,cortical,left,49,ctx-lh-superiorfrontal,-0.52693673743,-0.849904509193
310,628,lh.superiorfrontal_41,superiorfrontal_41,cortical,left,49,ctx-lh-superiorfrontal,-0.515454470404,-0.856916967355
311,629,lh.caudalmiddlefrontal_9,caudalmiddlefrontal_9,cortical,left,50,ctx-lh-caudalmiddlefrontal,-0.503878897344,-0.863774308956
312,631,lh.caudalmiddlefrontal_1,caudalmiddlefrontal_1,cortical,left,50,ctx-lh-caudalmiddlefrontal,-0.492212113624,-0.870475292701
313,632,lh.caudalmiddlefrontal_13,caudalmiddlefrontal_13,cortical,left,50,ctx-lh-caudalmiddlefrontal,-0.480456231131,-0.877018705597
314,633,lh.caudalmiddlefrontal_5,caudalmiddlefrontal_5,cortical,left,50,ctx-lh-caudalmiddlefrontal,-0.468613377881,-0.883403363176
315,634,lh.caudalmiddlefrontal_3,caudalmiddlefrontal_3,cortical,left,50,ctx-lh-caudalmiddlefrontal,-0.456685697631,-0.889628109706
316,636,lh.caudalmiddlefrontal_11,caudalmiddlefrontal_11,cortical,left,50,ctx-lh-caudalmiddlefrontal,-0.444675349494,-0.895691818402
317,637,lh.caudalmiddlefrontal_4,caudalmiddlefrontal_4,cortical,left,50,ctx-lh-caudalmiddlefrontal,-0.432584507548,-0.901593391629
318,641,lh.caudalmiddlefrontal_10,caudalmiddlefrontal_10,cortical,left,50,ctx-lh-caudalmiddlefrontal,-0.420415360442,-0.907331761102
319,644,lh.precentral_12,precentral_12,cortical,left,51,ctx-lh-precentral,-0.408170110997,-0.912905888079
320,645,lh.precentral_17,precentral_17,cortical,left,51,ctx-lh-precentral,-0.395850975813,-0.918314763547
321,647,lh.precentral_33,precentral_33,cortical,left,51,ctx-lh-precentral,-0.383460184863,-0.923557408408
322,648,lh.precentral_3,precentral_3,cortical,left,51,ctx-lh-precentral,-0.370999981091,-0.928632873654
323,650,lh.precentral_26,precentral_26,cortical,left,51,ctx-lh-precentral,-0.358472620005,-0.93354024054
324,651,lh.precentral_21,precentral_21,cortical,left,51,ctx-lh-precentral,-0.345880369273,-0.938278620748
325,652,lh.precentral_10,precentral_10,cortical,left,51,ctx-lh-precentral,-0.333225508304,-0.942847156551
326,654,lh.precentral_16,precentral_16,cortical,left,51,ctx-lh-precentral,-0.320510327845,-0.947245020966
327,655,lh.precentral_35,precentral_35,cortical,left,51,ctx-lh-precentral,-0.307737129561,-0.951471417905
328,657,lh.precentral_4,precentral_4,cortical,left,51,ctx-lh-precentral,-0.294908225616,-0.955525582318
329,660,lh.precentral_5,precentral_5,cortical,left,51,ctx-lh-precentral,-0.282025938261,-0.959406780332
330,661,lh.precentral_6,precentral_6,cortical,left,51,ctx-lh-precentral,-0.26909259941,-0.963114309385
331,662,lh.precentral_25,precentral_25,cortical,left,51,ctx-lh-precentral,-0.256110550217,-0.966647498351
332,665,lh.precentral_29,precentral_29,cortical,left,51,ctx-lh-precentral,-0.243082140655,-0.970005707661
333,666,lh.precentral_11,precentral_11,cortical,left,51,ctx-lh-precentral,-0.230009729086,-0.973188329423
334,668,lh.precentral_8,precentral_8,cortical,left,51,ctx-lh-precentral,-0.21689568184,-0.976194787529
335,669,lh.precentral_15,precentral_15,cortical,left,51,ctx-lh-precentral,-0.203742372782,-0.979024537758
336,672,lh.precentral_22,precentral_22,cortical,left,51,ctx-lh-precentral,-0.190552182887,-0.981677067878
337,675,lh.precentral_28,precentral_28,cortical,left,51,ctx-lh-precentral,-0.177327499802,-0.984151897734
338,676,lh.precentral_23,precentral_23,cortical,left,51,ctx-lh-precentral,-0.164070717421,-0.986448579342
339,677,lh.paracentral_7,paracentral_7,cortical,left,52,ctx-lh-paracentral,-0.150784235446,-0.988566696961
340,683,lh.paracentral_3,paracentral_3,cortical,left,52,ctx-lh-paracentral,-0.137470458958,-0.990505867178
341,684,lh.paracentral_4,paracentral_4,cortical,left,52,ctx-lh-paracentral,-0.124131797976,-0.992265738969
342,685,lh.paracentral_6,paracentral_6,cortical,left,52,ctx-lh-paracentral,-0.110770667025,-0.993845993767
343,686,lh.paracentral_5,paracentral_5,cortical,left,52,ctx-lh-paracentral,-0.0973894846978,-0.99524634552
344,687,lh.paracentral_11,paracentral_11,cortical,left,52,ctx-lh-paracentral,-0.0839906732155,-0.996466540739
345,688,lh.rostralanteriorcingulate_1,rostralanteriorcingulate_1,cortical,left,53,ctx-lh-rostralanteriorcingulate,-0.0705766579913,-0.99750635855
346,689,lh.rostralanteriorcingulate_4,rostralanteriorcingulate_4,cortical,left,53,ctx-lh-rostralanteriorcingulate,-0.0571498671905,-0.998365610726
347,690,lh.rostralanteriorcingulate_3,rostralanteriorcingulate_3,cortical,left,53,ctx-lh-rostralanteriorcingulate,-0.0437127312907,-0.999044141729
348,691,lh.rostralanteriorcingulate_2,rostralanteriorcingulate_2,cortical,left,53,ctx-lh-rostralanteriorcingulate,-0.0302676826423,-0.999541828733
349,692,lh.rostralanteriorcingulate_5,rostralanteriorcingulate_5,cortical,left,53,ctx-lh-rostralanteriorcingulate,-0.0168171550281,-0.999858581649
350,693,lh.caudalanteriorcingulate_5,caudalanteriorcingulate_5,cortical,left,54,ctx-lh-caudalanteriorcingulate,-0.00336358322242,-0.999994343138
351,694,lh.caudalanteriorcingulate_4,caudalanteriorcingulate_4,cortical,left,54,ctx-lh-caudalanteriorcingulate,0.0100905974491,-0.999949088626
352,695,lh.caudalanteriorcingulate_1,caudalanteriorcingulate_1,cortical,left,54,ctx-lh-caudalanteriorcingulate,0.0235429515506,-0.999722826304
353,696,lh.caudalanteriorcingulate_2,caudalanteriorcingulate_2,cortical,left,54,ctx-lh-caudalanteriorcingulate,0.0369910439771,-0.999315597129
354,697,lh.caudalanteriorcingulate_3,caudalanteriorcingulate_3,cortical,left,54,ctx-lh-caudalanteriorcingulate,0.0504324403948,-0.998727474818
355,698,lh.posteriorcingulate_5,posteriorcingulate_5,cortical,left,55,ctx-lh-posteriorcingulate,0.0638647076822,-0.99795856583
356,699,lh.posteriorcingulate_4,posteriorcingulate_4,cortical,left,55,ctx-lh-posteriorcingulate,0.0772854143702,-0.99700900935
357,700,lh.posteriorcingulate_8,posteriorcingulate_8,cortical,left,55,ctx-lh-posteriorcingulate,0.0906921310823,-0.995878977266
358,701,lh.posteriorcingulate_2,posteriorcingulate_2,cortical,left,55,ctx-lh-posteriorcingulate,0.104082430975,-0.994568674131
359,703,lh.posteriorcingulate_6,posteriorcingulate_6,cortical,left,55,ctx-lh-posteriorcingulate,0.117453890175,-0.993078337133
360,704,lh.posteriorcingulate_9,posteriorcingulate_9,cortical,left,55,ctx-lh-posteriorcingulate,0.130804088221,-0.991408236048
361,706,lh.posteriorcingulate_1,posteriorcingulate_1,cortical,left,55,ctx-lh-posteriorcingulate,0.144130608501,-0.989558673194
362,707,lh.isthmuscingulate_4,isthmuscingulate_4,cortical,left,56,ctx-lh-isthmuscingulate,0.157431038686,-0.987529983372
363,708,lh.isthmuscingulate_6,isthmuscingulate_6,cortical,left,56,ctx-lh-isthmuscingulate,0.170702971173,-0.985322533809
364,709,lh.isthmuscingulate_7,isthmuscingulate_7,cortical,left,56,ctx-lh-isthmuscingulate,0.183944003516,-0.982936724093
365,711,lh.isthmuscingulate_5,isthmuscingulate_5,cortical,left,56,ctx-lh-isthmuscingulate,0.197151738863,-0.980372986094
366,712,lh.isthmuscingulate_2,isthmuscingulate_2,cortical,left,56,ctx-lh-isthmuscingulate,0.210323786388,-0.977631783894
367,713,lh.isthmuscingulate_3,isthmuscingulate_3,cortical,left,56,ctx-lh-isthmuscingulate,0.223457761727,-0.974713613696
368,723,lh.postcentral_21,postcentral_21,cortical,left,57,ctx-lh-postcentral,0.236551287407,-0.971619003739
369,731,lh.postcentral_31,postcentral_31,cortical,left,57,ctx-lh-postcentral,0.249601993276,-0.9683485142
370,738,lh.postcentral_10,postcentral_10,cortical,left,57,ctx-lh-postcentral,0.262607516935,-0.964902737093
371,740,lh.postcentral_15,postcentral_15,cortical,left,57,ctx-lh-postcentral,0.275565504162,-0.961282296163
372,744,lh.postcentral_7,postcentral_7,cortical,left,57,ctx-lh-postcentral,0.288473609342,-0.957487846771
373,745,lh.supramarginal_1,supramarginal_1,cortical,left,58,ctx-lh-supramarginal,0.301329495887,-0.953520075776
374,746,lh.supramarginal_7,supramarginal_7,cortical,left,58,ctx-lh-supramarginal,0.314130836662,-0.949379701415
375,750,lh.supramarginal_2,supramarginal_2,cortical,left,58,ctx-lh-supramarginal,0.326875314408,-0.945067473163
376,751,lh.supramarginal_3,supramarginal_3,cortical,left,58,ctx-lh-supramarginal,0.339560622157,-0.940584171608
377,755,lh.supramarginal_17,supramarginal_17,cortical,left,58,ctx-lh-supramarginal,0.352184463652,-0.935930608305
378,757,lh.supramarginal_16,supramarginal_16,cortical,left,58,ctx-lh-supramarginal,0.364744553763,-0.931107625627
379,758,lh.supramarginal_15,supramarginal_15,cortical,left,58,ctx-lh-supramarginal,0.3772386189,-0.926116096616
380,767,lh.superiorparietal_24,superiorparietal_24,cortical,left,59,ctx-lh-superiorparietal,0.389664397424,-0.920956924823
381,769,lh.superiorparietal_27,superiorparietal_27,cortical,left,59,ctx-lh-superiorparietal,0.402019640058,-0.915631044148
382,770,lh.superiorparietal_25,superiorparietal_25,cortical,left,59,ctx-lh-superiorparietal,0.414302110292,-0.910139418665
383,771,lh.superiorparietal_13,superiorparietal_13,cortical,left,59,ctx-lh-superiorparietal,0.426509584791,-0.904483042451
384,776,lh.superiorparietal_19,superiorparietal_19,cortical,left,59,ctx-lh-superiorparietal,0.438639853794,-0.898662939407
385,778,lh.superiorparietal_10,superiorparietal_10,cortical,left,59,ctx-lh-superiorparietal,0.450690721515,-0.892680163071
386,779,lh.superiorparietal_16,superiorparietal_16,cortical,left,59,ctx-lh-superiorparietal,0.462660006542,-0.886535796427
387,780,lh.superiorparietal_11,superiorparietal_11,cortical,left,59,ctx-lh-superiorparietal,0.47454554223,-0.880230951711
388,781,lh.superiorparietal_18,superiorparietal_18,cortical,left,59,ctx-lh-superiorparietal,0.486345177097,-0.873766770205
389,785,lh.superiorparietal_6,superiorparietal_6,cortical,left,59,ctx-lh-superiorparietal,0.498056775206,-0.867144422038
390,786,lh.superiorparietal_2,superiorparietal_2,cortical,left,59,ctx-lh-superiorparietal,0.509678216559,-0.860365105967
391,791,lh.superiorparietal_1,superiorparietal_1,cortical,left,59,ctx-lh-superiorparietal,0.521207397477,-0.853430049164
392,796,lh.inferiorparietal_16,inferiorparietal_16,cortical,left,60,ctx-lh-inferiorparietal,0.532642230982,-0.846340506991
393,801,lh.inferiorparietal_15,inferiorparietal_15,cortical,left,60,ctx-lh-inferiorparietal,0.543980647175,-0.839097762778
394,805,lh.inferiorparietal_2,inferiorparietal_2,cortical,left,60,ctx-lh-inferiorparietal,0.55522059361,-0.831703127583
395,806,lh.inferiorparietal_18,inferiorparietal_18,cortical,left,60,ctx-lh-inferiorparietal,0.566360035664,-0.824157939962
396,807,lh.inferiorparietal_17,inferiorparietal_17,cortical,left,60,ctx-lh-inferiorparietal,0.577396956909,-0.816463565722
397,808,lh.inferiorparietal_21,inferiorparietal_21,cortical,left,60,ctx-lh-inferiorparietal,0.588329359475,-0.808621397677
398,809,lh.inferiorparietal_12,inferiorparietal_12,cortical,left,60,ctx-lh-inferiorparietal,0.599155264409,-0.80063285539
399,815,lh.inferiorparietal_1,inferiorparietal_1,cortical,left,60,ctx-lh-inferiorparietal,0.60987271204,-0.792499384926
400,816,lh.inferiorparietal_20,inferiorparietal_20,cortical,left,60,ctx-lh-inferiorparietal,0.620479762327,-0.784222458581
401,825,lh.precuneus_4,precuneus_4,cortical,left,61,ctx-lh-precuneus,0.630974495213,-0.775803574619
402,826,lh.precuneus_12,precuneus_12,cortical,left,61,ctx-lh-precuneus,0.641355010972,-0.767244257001
403,827,lh.precuneus_13,precuneus_13,cortical,left,61,ctx-lh-precuneus,0.651619430555,-0.75854605511
404,831,lh.precuneus_22,precuneus_22,cortical,left,61,ctx-lh-precuneus,0.661765895927,-0.749710543469
405,832,lh.precuneus_6,precuneus_6,cortical,left,61,ctx-lh-precuneus,0.671792570405,-0.740739321455
406,833,lh.precuneus_11,precuneus_11,cortical,left,61,ctx-lh-precuneus,0.68169763899,-0.731634013012
407,836,lh.precuneus_9,precuneus_9,cortical,left,61,ctx-lh-precuneus,0.691479308696,-0.722396266356
408,837,lh.precuneus_15,precuneus_15,cortical,left,61,ctx-lh-precuneus,0.701135808874,-0.713027753677
409,838,lh.precuneus_18,precuneus_18,cortical,left,61,ctx-lh-precuneus,0.710665391534,-0.703530170835
410,841,lh.cuneus_1,cuneus_1,cortical,left,62,ctx-lh-cuneus,0.720066331659,-0.693905237054
411,850,lh.pericalcarine_5,pericalcarine_5,cortical,left,63,ctx-lh-pericalcarine,0.729336927518,-0.684154694611
412,852,lh.pericalcarine_6,pericalcarine_6,cortical,left,63,ctx-lh-pericalcarine,0.738475500976,-0.674280308521
413,859,lh.lateraloccipital_7,lateraloccipital_7,cortical,left,64,ctx-lh-lateraloccipital,0.747480397795,-0.664283866214
414,866,lh.lateraloccipital_3,lateraloccipital_3,cortical,left,64,ctx-lh-lateraloccipital,0.756349987936,-0.654167177218
415,867,lh.lateraloccipital_18,lateraloccipital_18,cortical,left,64,ctx-lh-lateraloccipital,0.765082665852,-0.643932072826
416,870,lh.lateraloccipital_23,lateraloccipital_23,cortical,left,64,ctx-lh-lateraloccipital,0.773676850779,-0.633580405764
417,871,lh.lateraloccipital_5,lateraloccipital_5,cortical,left,64,ctx-lh-lateraloccipital,0.782130987024,-0.623114049863
418,872,lh.lateraloccipital_17,lateraloccipital_17,cortical,left,64,ctx-lh-lateraloccipital,0.790443544245,-0.612534899709
419,873,lh.lateraloccipital_16,lateraloccipital_16,cortical,left,64,ctx-lh-lateraloccipital,0.798613017726,-0.60184487031
420,875,lh.lateraloccipital_8,lateraloccipital_8,cortical,left,64,ctx-lh-lateraloccipital,0.806637928654,-0.591045896743
421,876,lh.lingual_14,lingual_14,cortical,left,65,ctx-lh-lingual,0.814516824384,-0.580139933806
422,888,lh.lingual_2,lingual_2,cortical,left,65,ctx-lh-lingual,0.822248278701,-0.569128955663
423,892,lh.lingual_7,lingual_7,cortical,left,65,ctx-lh-lingual,0.82983089208,-0.55801495549
424,894,lh.fusiform_7,fusiform_7,cortical,left,66,ctx-lh-fusiform,0.837263291939,-0.546799945109
425,895,lh.fusiform_17,fusiform_17,cortical,left,66,ctx-lh-fusiform,0.844544132888,-0.535485954628
426,901,lh.fusiform_11,fusiform_11,cortical,left,66,ctx-lh-fusiform,0.85167209697,-0.524075032073
427,908,lh.fusiform_14,fusiform_14,cortical,left,66,ctx-lh-fusiform,0.858645893902,-0.512569243015
428,909,lh.fusiform_13,fusiform_13,cortical,left,66,ctx-lh-fusiform,0.865464261309,-0.500970670197
429,911,lh.parahippocampal_3,parahippocampal_3,cortical,left,67,ctx-lh-parahippocampal,0.872125964949,-0.489281413158
430,913,lh.parahippocampal_1,parahippocampal_1,cortical,left,67,ctx-lh-parahippocampal,0.878629798941,-0.477503587853
431,917,lh.entorhinal_2,entorhinal_2,cortical,left,68,ctx-lh-entorhinal,0.884974585981,-0.465639326269
432,919,lh.entorhinal_3,entorhinal_3,cortical,left,68,ctx-lh-entorhinal,0.891159177553,-0.453690776039
433,920,lh.temporalpole_2,temporalpole_2,cortical,left,69,ctx-lh-temporalpole,0.897182454142,-0.441660100054
434,922,lh.temporalpole_3,temporalpole_3,cortical,left,69,ctx-lh-temporalpole,0.903043325431,-0.429549476072
435,923,lh.inferiortemporal_15,inferiortemporal_15,cortical,left,70,ctx-lh-inferiortemporal,0.908740730504,-0.417361096321
436,938,lh.inferiortemporal_7,inferiortemporal_7,cortical,left,70,ctx-lh-inferiortemporal,0.914273638033,-0.405097167106
437,957,lh.bankssts_2,bankssts_2,cortical,left,72,ctx-lh-bankssts,0.919641046468,-0.392759908407
438,959,lh.bankssts_4,bankssts_4,cortical,left,72,ctx-lh-bankssts,0.924841984215,-0.380351553478
439,965,lh.superiortemporal_24,superiortemporal_24,cortical,left,73,ctx-lh-superiortemporal,0.929875509818,-0.367874348441
440,966,lh.superiortemporal_18,superiortemporal_18,cortical,left,73,ctx-lh-superiortemporal,0.934740712121,-0.355330551885
441,971,lh.superiortemporal_9,superiortemporal_9,cortical,left,73,ctx-lh-superiortemporal,0.939436710442,-0.342722434448
442,976,lh.superiortemporal_8,superiortemporal_8,cortical,left,73,ctx-lh-superiortemporal,0.943962654723,-0.330052278416
443,990,lh.transversetemporal_2,transversetemporal_2,cortical,left,74,ctx-lh-transversetemporal,0.948317725693,-0.317322377303
444,991,lh.insula_5,insula_5,cortical,left,75,ctx-lh-insula,0.952501135008,-0.304535035436
445,992,lh.insula_2,insula_2,cortical,left,75,ctx-lh-insula,0.956512125401,-0.291692567543
446,993,lh.insula_16,insula_16,cortical,left,75,ctx-lh-insula,0.960349970815,-0.27879729833
447,994,lh.insula_12,insula_12,cortical,left,75,ctx-lh-insula,0.964013976533,-0.265851562058
448,996,lh.insula_8,insula_8,cortical,left,75,ctx-lh-insula,0.967503479309,-0.252857702128
449,997,lh.insula_14,insula_14,cortical,left,75,ctx-lh-insula,0.970817847482,-0.239818070648
450,999,lh.insula_9,insula_9,cortical,left,75,ctx-lh-insula,0.973956481097,-0.226735028015
451,1000,lh.insula_13,insula_13,cortical,left,75,ctx-lh-insula,0.976918812006,-0.213610942482
452,1001,lh.insula_11,insula_11,cortical,left,75,ctx-lh-insula,0.979704303978,-0.20044818973
453,1002,lh.insula_6,insula_6,cortical,left,75,ctx-lh-insula,0.982312452791,-0.187249152444
454,1003,lh.insula_15,insula_15,cortical,left,75,ctx-lh-insula,0.984742786326,-0.174016219874
455,1004,lh.insula_4,insula_4,cortical,left,75,ctx-lh-insula,0.98699486465,-0.160751787404
456,1005,lh.insula_7,insula_7,cortical,left,75,ctx-lh-insula,0.9890682801,-0.147458256125
457,1006,lh.insula_3,insula_3,cortical,left,75,ctx-lh-insula,0.990962657352,-0.13413803239
458,1007,lh.insula_17,insula_17,cortical,left,75,ctx-lh-insula,0.992677653491,-0.120793527388
459,1008,Left-Thalamus-Proper,Left-Thalamus-Proper,subcortical,left,76,Left-Thalamus-Proper,0.994212958074,-0.107427156701
460,1009,Left-Caudate,Left-Caudate,subcortical,left,77,Left-Caudate,0.995568293185,-0.0940413398689
461,1010,Left-Putamen,Left-Putamen,subcortical,left,78,Left-Putamen,0.996743413485,-0.0806384999537
462,1011,Left-Pallidum,Left-Pallidum,subcortical,left,79,Left-Pallidum,0.997738106256,-0.0672210630971
463,1012,Left-Accumbens-area,Left-Accumbens-area,subcortical,left,80,Left-Accumbens-area,0.998552191444,-0.0537914580835
464,1013,Left-Hippocampus,Left-Hippocampus,subcortical,left,81,Left-Hippocampus,0.999185521684,-0.0403521159003
465,1014,Left-Amygdala,Left-Amygdala,subcortical,left,82,Left-Amygdala,0.999637982333,-0.026905469297
466,1015,Brain-Stem,Brain-Stem,subcortical,left,83,Brain-Stem,0.999909491487,-0.0134539523457
