field,seed,correct_pairs,margin_years,neocortex,allocortex,deep,brainstem
uniform,ctx-rh-lateralorbitofrontal,3,-0.5481,25.1037,24.5556,21.6800,26.0000
uniform,ctx-rh-parsorbitalis,4,0.0370,29.3630,29.4000,27.0400,30.8000
uniform,ctx-rh-frontalpole,4,0.0815,31.1185,31.2000,28.2800,32.8000
uniform,ctx-rh-medialorbitofrontal,3,-0.7259,26.5037,25.7778,22.8800,27.6000
uniform,ctx-rh-parstriangularis,3,-0.0593,25.7926,25.7333,23.3200,27.6000
uniform,ctx-rh-parsopercularis,3,-0.3407,24.8519,24.5111,22.5600,26.0000
uniform,ctx-rh-rostralmiddlefrontal,3,-0.1185,24.0296,23.9111,21.4400,26.0000
uniform,ctx-rh-superiorfrontal,3,-0.4370,23.7259,23.2889,21.0800,25.2000
uniform,ctx-rh-caudalmiddlefrontal,3,-0.3630,24.3407,23.9778,21.8400,25.2000
uniform,ctx-rh-precentral,2,-0.5037,23.4593,22.9556,20.8800,23.2000
uniform,ctx-rh-paracentral,3,-0.2444,25.4667,25.2222,23.6400,26.0000
uniform,ctx-rh-postcentral,1,-0.4963,24.3407,23.8444,22.0800,23.6000
uniform,ctx-rh-supramarginal,0,-0.5185,22.6741,22.1556,21.4800,21.2000
uniform,ctx-rh-superiorparietal,3,-0.0222,23.4444,23.4222,22.8000,24.8000
uniform,ctx-rh-inferiorparietal,2,-0.3926,24.1926,23.8000,23.6800,24.0000
uniform,ctx-rh-precuneus,3,-0.5333,23.7556,23.2222,23.0400,24.8000
uniform,ctx-rh-cuneus,5,0.2519,29.0815,29.3333,29.2000,30.8000
uniform,ctx-rh-pericalcarine,6,0.0370,27.9185,27.9556,28.2400,29.2000
uniform,ctx-rh-lateraloccipital,5,-0.2815,26.6370,26.3556,26.8000,27.6000
uniform,ctx-rh-lingual,5,-0.3778,26.2444,25.8667,26.6800,27.2000
uniform,ctx-rh-fusiform,2,-0.8444,26.8222,25.9778,26.6400,26.4000
uniform,ctx-rh-temporalpole,0,-1.2815,30.8370,29.5556,29.4000,28.8000
uniform,ctx-rh-inferiortemporal,1,-1.1185,27.2074,26.0889,26.5200,26.0000
uniform,ctx-rh-middletemporal,1,-1.1037,27.3259,26.2222,26.5600,25.6000
uniform,ctx-rh-bankssts,0,-0.8222,26.4444,25.6222,25.3200,25.2000
uniform,ctx-rh-superiortemporal,0,-1.2815,26.1037,24.8222,24.6400,21.6000
uniform,ctx-rh-transversetemporal,0,-0.7926,27.7704,26.9778,25.8400,21.6000
uniform,ctx-lh-lateralorbitofrontal,3,-0.7407,24.8963,24.1556,21.4800,25.2000
uniform,ctx-lh-parsorbitalis,3,-0.0815,29.5259,29.4444,27.0800,30.4000
uniform,ctx-lh-frontalpole,1,-0.4370,31.0148,30.5778,27.7200,30.4000
uniform,ctx-lh-medialorbitofrontal,1,-1.1852,25.8074,24.6222,21.1200,21.6000
uniform,ctx-lh-parstriangularis,4,0.0667,25.3778,25.4444,23.1200,26.8000
uniform,ctx-lh-parsopercularis,2,-0.5259,24.8148,24.2889,22.2800,24.8000
uniform,ctx-lh-rostralmiddlefrontal,3,-0.4000,24.0000,23.6000,21.1200,24.8000
uniform,ctx-lh-superiorfrontal,3,-0.8741,23.8296,22.9556,20.8000,24.4000
uniform,ctx-lh-caudalmiddlefrontal,3,-0.7259,23.7481,23.0222,21.2000,24.0000
uniform,ctx-lh-precentral,1,-0.8074,23.3852,22.5778,20.6800,22.0000
uniform,ctx-lh-paracentral,2,-0.6074,25.7185,25.1111,23.4000,25.2000
uniform,ctx-lh-postcentral,1,-0.8519,24.4519,23.6000,21.8000,22.8000
uniform,ctx-lh-supramarginal,1,-0.7407,23.7407,23.0000,22.0800,22.8000
uniform,ctx-lh-superiorparietal,1,-0.5407,23.3630,22.8222,22.1200,22.8000
uniform,ctx-lh-inferiorparietal,0,-0.7556,24.6889,23.9333,23.9200,23.2000
uniform,ctx-lh-precuneus,2,-0.8593,23.8593,23.0000,22.7200,23.6000
uniform,ctx-lh-cuneus,4,-0.3037,28.4815,28.1778,28.4800,28.8000
uniform,ctx-lh-pericalcarine,2,-0.2370,27.7037,27.4667,27.7600,27.2000
uniform,ctx-lh-lateraloccipital,2,-0.5704,26.2815,25.7111,26.4400,25.6000
uniform,ctx-lh-lingual,2,-0.5704,26.0593,25.4889,26.2000,25.2000
uniform,ctx-lh-fusiform,1,-1.0963,26.5407,25.4444,26.4000,24.4000
uniform,ctx-lh-temporalpole,1,-1.5926,30.2370,28.6444,29.1600,27.2000
uniform,ctx-lh-inferiortemporal,1,-1.2370,27.3481,26.1111,27.1200,24.8000
uniform,ctx-lh-middletemporal,1,-1.2741,27.8296,26.5556,27.3200,24.8000
uniform,ctx-lh-bankssts,1,-1.1185,26.9185,25.8000,26.1200,24.4000
uniform,ctx-lh-superiortemporal,1,-1.3481,25.4593,24.1111,24.3600,19.6000
uniform,ctx-lh-transversetemporal,0,-0.8444,27.6667,26.8222,25.4800,21.2000
regional,ctx-rh-lateralorbitofrontal,3,-2.2741,25.3630,23.0889,22.2800,27.6000
regional,ctx-rh-parsorbitalis,3,-1.8074,28.5852,26.7778,26.2400,31.2000
regional,ctx-rh-frontalpole,3,-1.7259,29.9259,28.2000,27.4400,32.8000
regional,ctx-rh-medialorbitofrontal,3,-2.3630,26.4741,24.1111,23.2800,28.8000
regional,ctx-rh-parstriangularis,3,-1.9778,26.0000,24.0222,23.4400,28.8000
regional,ctx-rh-parsopercularis,3,-2.2667,25.2889,23.0222,22.8400,27.2000
regional,ctx-rh-rostralmiddlefrontal,3,-2.0815,24.5481,22.4667,21.8800,27.2000
regional,ctx-rh-superiorfrontal,3,-2.3926,24.2815,21.8889,21.5200,26.4000
regional,ctx-rh-caudalmiddlefrontal,3,-2.2370,24.8148,22.5778,22.2400,26.4000
regional,ctx-rh-precentral,3,-2.3111,24.0667,21.7556,21.4000,24.4000
regional,ctx-rh-paracentral,4,-2.0667,26.5333,24.4667,24.5600,28.0000
regional,ctx-rh-postcentral,4,-2.1778,25.6667,23.4889,23.5200,26.4000
regional,ctx-rh-supramarginal,3,-2.1556,23.8667,21.7111,23.1200,23.6000
regional,ctx-rh-superiorparietal,4,-1.5037,24.4593,22.9556,24.1600,27.2000
regional,ctx-rh-inferiorparietal,5,-1.8222,25.2667,23.4444,25.4800,26.8000
regional,ctx-rh-precuneus,4,-2.0889,24.9111,22.8222,24.5200,27.6000
regional,ctx-rh-cuneus,5,-1.0963,30.7630,29.6667,31.6400,34.8000
regional,ctx-rh-pericalcarine,5,-1.1778,29.2667,28.0889,30.4800,32.4000
regional,ctx-rh-lateraloccipital,5,-1.5630,27.8963,26.3333,29.0000,30.4000
regional,ctx-rh-lingual,5,-1.8222,27.0667,25.2444,28.0000,30.0000
regional,ctx-rh-fusiform,5,-2.1333,27.1778,25.0444,27.7200,28.0000
regional,ctx-rh-temporalpole,3,-2.4148,30.5704,28.1556,30.3600,30.4000
regional,ctx-rh-inferiortemporal,2,-2.5704,27.5704,25.0000,27.5200,27.2000
regional,ctx-rh-middletemporal,3,-2.4148,27.6370,25.2222,27.6400,27.2000
regional,ctx-rh-bankssts,3,-2.4741,26.9852,24.5111,26.6400,26.8000
regional,ctx-rh-superiortemporal,1,-2.7111,26.5778,23.8667,25.8800,23.2000
regional,ctx-rh-transversetemporal,1,-2.2296,28.2074,25.9778,27.2400,23.2000
regional,ctx-lh-lateralorbitofrontal,3,-2.5630,25.2074,22.6444,21.8800,26.0000
regional,ctx-lh-parsorbitalis,3,-2.1481,28.6593,26.5111,26.0400,30.0000
regional,ctx-lh-frontalpole,2,-2.3259,29.8148,27.4889,26.8000,29.6000
regional,ctx-lh-medialorbitofrontal,1,-2.8667,25.8889,23.0222,21.8000,22.8000
regional,ctx-lh-parstriangularis,3,-1.9556,25.6000,23.6444,23.2400,27.2000
regional,ctx-lh-parsopercularis,3,-2.3704,25.1481,22.7778,22.6800,26.0000
regional,ctx-lh-rostralmiddlefrontal,3,-2.4148,24.5259,22.1111,21.5200,25.6000
regional,ctx-lh-superiorfrontal,3,-2.8519,24.4296,21.5778,21.2400,25.2000
regional,ctx-lh-caudalmiddlefrontal,4,-2.7407,24.2963,21.5556,21.6000,25.2000
regional,ctx-lh-precentral,2,-2.7481,24.0593,21.3111,21.2400,23.6000
regional,ctx-lh-paracentral,4,-2.5185,26.8741,24.3556,24.3600,27.2000
regional,ctx-lh-postcentral,3,-2.5630,25.8296,23.2667,23.4400,25.2000
regional,ctx-lh-supramarginal,4,-2.3852,24.9630,22.5778,23.7600,25.2000
regional,ctx-lh-superiorparietal,4,-2.1407,24.5407,22.4000,23.5600,25.2000
regional,ctx-lh-inferiorparietal,2,-2.2963,25.8296,23.5333,25.8000,25.6000
regional,ctx-lh-precuneus,4,-2.4000,25.1111,22.7111,24.2800,25.6000
regional,ctx-lh-cuneus,5,-1.7852,30.0519,28.2667,30.7200,31.6000
regional,ctx-lh-pericalcarine,5,-1.6741,28.9407,27.2667,29.6000,30.0000
regional,ctx-lh-lateraloccipital,4,-1.9852,27.4741,25.4889,28.3200,27.6000
regional,ctx-lh-lingual,4,-2.1259,26.9926,24.8667,27.4800,27.2000
regional,ctx-lh-fusiform,3,-2.6519,27.0074,24.3556,27.4800,25.2000
regional,ctx-lh-temporalpole,2,-2.8815,30.0815,27.2000,30.0000,28.4000
regional,ctx-lh-inferiortemporal,3,-2.7778,27.8222,25.0444,28.1200,25.6000
regional,ctx-lh-middletemporal,3,-2.8000,28.1556,25.3556,28.3200,26.0000
regional,ctx-lh-bankssts,2,-2.6815,27.4593,24.7778,27.2800,25.6000
regional,ctx-lh-superiortemporal,1,-3.0074,25.9407,22.9333,25.3600,20.8000
regional,ctx-lh-transversetemporal,1,-2.3111,28.0667,25.7556,26.8800,22.8000
