edge_id,source,target,fine_edges,fibre_number,fibre_length_mm,connectivity_weight
0,79,81,1,2,18.615379,0.107438048938
1,79,76,1,2,14.200012,0.140844951399
2,79,80,1,6,25.211765,0.237984131615
3,79,78,1,2,13.166669,0.151898707258
4,79,77,1,2,14.800001,0.135135126004
5,79,75,1,5,14.890911,0.335775292727
6,79,53,5,8.5,42.7322248,0.195287127258
7,79,49,1,1,37.900002,0.026385222882
8,79,74,3,3.5,20.8833306667,0.170931655358
9,79,55,4,8,104.05275975,0.0774136100389
10,79,41,13,21,24.4344897692,0.912597848873
11,79,44,9,12.5,24.8248183333,0.566315584933
12,79,46,1,1,34.599995,0.0289017382806
13,79,45,2,2,38.5750085,0.0542850996482
14,79,54,7,17.5,67.2619042857,0.261687825101
15,79,52,5,11,23.0628526,0.513187614924
16,79,47,9,11,45.1592642222,0.244738721948
17,79,48,3,3,45.250006,0.0689885536081
18,79,82,1,4,27.95,0.143112701252
19,79,38,1,1,12.499997,0.0800000192
20,79,40,1,1,20.4,0.0490196078431
21,79,35,1,3,15.123077,0.198372328594
22,79,39,1,1,29.400007,0.0340135973437
23,79,37,1,2,14.68,0.136239782016
24,79,36,1,1,27.20001,0.0367646923659
25,79,34,1,2,22.100006,0.090497712987
26,79,13,4,7,34.75937375,0.207274916084
27,79,11,2,3,17.5000075,0.169934542505
28,81,76,1,3,25.4,0.11811023622
29,81,80,1,4,17.974998,0.222531318223
30,81,78,1,2,12.433336,0.160857874347
31,81,77,1,10,14.700004,0.680271923736
32,81,75,1,6,19.000004,0.315789407202
33,81,71,4,5,48.512501,0.103116956597
34,81,49,2,2.5,48.3499965,0.0518792079598
35,81,67,3,4,12.8600003333,0.313785813634
36,81,65,5,6.5,20.7900042,0.40469808398
37,81,59,7,8.5,64.7190505714,0.129865693509
38,81,69,5,8,22.4966658,0.502204081046
39,81,74,14,29.5,20.4853752143,1.72834220464
40,81,63,1,3,59.000008,0.0508474507325
41,81,41,6,6,21.1583303333,0.30243153927
42,81,64,1,1,48.799988,0.0204918083177
43,81,44,1,1,20.600002,0.0485436846074
44,81,70,7,8,27.232141,0.39992335757
45,81,66,2,2,28.300003,0.0757089423535
46,81,50,1,1,49.400028,0.020242903506
47,81,58,1,1,69.400002,0.0144092214868
48,81,72,11,14,21.89091,0.762897832524
49,81,57,1,1,64.400024,0.0155279445237
50,81,68,3,7,15.3736116667,0.455112782196
51,81,73,3,4,31.7222233333,0.125376071333
52,81,82,1,1,14.399999,0.069444449267
53,81,38,1,1,18.399994,0.0543478438091
54,76,80,1,7,26.199997,0.267175603112
55,76,78,1,48,16.476736,2.9131983422
56,76,77,1,54,18.775046,2.8761580664
57,76,75,1,25,15.337581,1.62998324182
58,76,53,5,51,13.054354,3.93914578186
59,76,49,13,56,23.9278454615,2.66777054353
60,76,43,1,1,45.400005,0.0220264292922
61,76,59,2,2,72.100031,0.0294338443469
62,76,74,9,11,17.7097874444,0.683484616416
63,76,55,7,19,19.5895251429,1.02394827731
64,76,41,15,30,21.7104474667,1.41227434555
65,76,44,10,23,24.6289907,1.20960900898
66,76,51,5,5,41.4200008,0.133768806421
67,76,46,10,25.5,26.866017,0.997033894999
68,76,42,1,1,36.400013,0.0274725176609
69,76,45,7,10,29.7114315714,0.381551162696
70,76,56,20,33.5,30.3061051,1.163832405
71,76,54,9,41,13.490237,3.11238447759
72,76,50,30,67.5,30.1658686667,2.5307692672
73,76,60,10,14.5,56.7950121,0.375261275895
74,76,52,5,52,18.4397542,3.10800492108
75,76,47,25,53,29.8297992,1.94244524978
76,76,48,44,98.5,32.3206803864,3.33798947631
77,76,58,15,18,45.6794471333,0.48994704789
78,76,72,1,1,21.000002,0.0476190430839
79,76,57,15,34,30.3926301333,1.20296721782
80,76,73,1,1,16.300006,0.0613496706688
81,76,82,1,1,32.20001,0.0310558909764
82,76,38,1,2,13.636667,0.146663403895
83,76,35,1,156,22.022459,7.08367762201
84,76,39,1,2,41.933342,0.0476947437197
85,76,37,1,1,16.100002,0.0621117935265
86,76,36,1,3,47.024994,0.0637958614094
87,76,34,1,3,25.999992,0.115384650888
88,76,12,6,8,14.629563,0.54650923955
89,76,8,1,1,45.099998,0.0221729499855
90,76,33,2,2,48.4500035,0.0418086880263
91,76,14,5,6,28.6399984,0.214821179872
92,76,0,1,1.5,39.400007,0.038071059226
93,76,5,1,1,49.20002,0.0203251949898
94,76,4,1,1,46.566665,0.0214745891723
95,76,13,5,5,22.986668,0.258904000842
96,76,11,4,8,19.75000075,0.444605842767
97,76,6,1,2,52.933334,0.037783374839
98,76,16,1,1,65.799976,0.0151975739322
99,80,78,1,3,15.599998,0.192307716963
100,80,77,1,10,16.96,0.589622641509
101,80,75,1,56,15.487691,3.6157746174
102,80,71,6,22,28.6447535,0.783394936809
103,80,53,5,8.5,87.6733254,0.0968505617515
104,80,49,6,9,69.1944535,0.137676375766
105,80,61,1,2,23.999996,0.0833333472222
106,80,67,3,6,17.1266683333,0.354819414091
107,80,65,18,22.5,22.9113071111,1.1333123777
108,80,59,20,40.5,44.3979571,1.02481079869
109,80,69,16,22,20.846236,1.04859197627
110,80,74,14,36,33.055838,1.81762443592
111,80,55,7,18,20.7828518571,1.02126075108
112,80,63,12,19,44.5180580833,0.484562930204
113,80,41,2,3,117.970006,0.0257937302171
114,80,64,9,11,21.7185191111,0.626197667978
115,80,44,1,2,27.000004,0.0740740631001
116,80,70,16,23,24.8709411875,0.993083577856
117,80,66,6,9,13.2194446667,0.699136974889
118,80,46,7,13,76.5006678571,0.172147704392
119,80,45,3,5,97.133358,0.0520495481726
120,80,62,2,2,43.0000105,0.0500279028582
121,80,56,4,7,58.54833325,0.122524750696
122,80,54,8,15,49.697916375,0.331661444787
123,80,50,13,22,63.7982076923,0.346050033672
124,80,60,11,17,28.2862168182,0.705487543068
125,80,52,5,10.5,110.7559954,0.0941294855817
126,80,47,3,3,97.2815016667,0.0312213538292
127,80,58,12,18.5,49.6247085,0.381561232077
128,80,72,20,50,24.80607255,2.38869634775
129,80,57,18,29.5,40.4562177778,0.772514814646
130,80,68,3,6,29.288888,0.204988958072
131,80,73,3,6,20.416663,0.292808881026
132,80,82,1,2,12.900002,0.155038735653
133,80,38,1,1,27.999992,0.0357142959184
134,80,35,1,1,37.164291,0.0269075495077
135,80,39,1,2,28.414811,0.0703858280106
136,80,37,1,1,37.599987,0.0265957538762
137,80,34,1,2,28.800003,0.0694444372106
138,80,14,4,5,19.1958295,0.261924229317
139,80,16,1,2,49.066661,0.0407608742727
140,78,77,1,4,14.866668,0.269058271833
141,78,75,1,11,14.449999,0.761245727422
142,78,71,2,2,34.0999945,0.0587364018841
143,78,53,5,5,37.6300004,0.134914608448
144,78,49,11,17,39.6671811818,0.45889625552
145,78,59,9,14.5,51.1849231111,0.281686241554
146,78,74,14,18,22.9042858571,0.893916180244
147,78,55,6,9,40.6750065,0.218974292103
148,78,41,6,8.5,46.3777766667,0.185920321835
149,78,44,4,4,40.22499625,0.125321679745
150,78,51,5,7,43.629004,0.169970399161
151,78,46,9,13,34.7629652222,0.377991447503
152,78,45,1,1,39.999996,0.0250000025
153,78,56,18,32,45.4185908889,0.724162280198
154,78,54,9,16,35.6312976667,0.451120591677
155,78,50,30,63.5,44.9339004333,1.48325092193
156,78,60,7,11.5,49.0285704286,0.239085880942
157,78,52,5,7,40.8266672,0.169745626916
158,78,47,17,20.5,46.6435616471,0.450002785455
159,78,48,22,23.5,50.5656109091,0.488644198371
160,78,58,17,32.5,55.1396308824,0.617529078253
161,78,72,2,4,25.717508,0.156396463611
162,78,57,13,20,46.4192323077,0.432464602322
163,78,73,2,3,19.450002,0.150836788789
164,78,82,1,1,20.700001,0.0483091764102
165,78,38,1,1,12.999997,0.0769230946746
166,78,40,1,1,26.100003,0.0383141718413
167,78,35,1,1,44.600004,0.0224215226528
168,78,39,1,1,37.700001,0.0265251982354
169,78,37,1,2,19.95556,0.100222694828
170,78,36,1,1,26.799997,0.0373134370127
171,78,34,1,1,14.733335,0.0678732954894
172,77,75,1,21,15.956267,1.31609730522
173,77,71,5,6,32.8306682,0.186813767398
174,77,53,5,14,27.5693302,0.50968684632
175,77,49,13,81,31.5838781538,3.24628199598
176,77,67,3,3,20.4666663333,0.149734167813
177,77,43,2,3,54.72498,0.0555310635846
178,77,65,8,8.5,46.996876375,0.24730368608
179,77,59,20,53,52.17125355,1.06427725287
180,77,69,4,5.5,29.6750055,0.186173345665
181,77,74,17,53,14.5588891176,3.64356297174
182,77,55,7,9,38.047623,0.236790918898
183,77,63,8,17,60.347619125,0.295938650729
184,77,41,15,71,24.4677155333,3.01495878411
185,77,64,5,5,48.9924934,0.110220454345
186,77,44,10,34,30.9636498,1.21136510001
187,77,70,3,4.5,34.2870286667,0.125158253181
188,77,51,7,12,43.4095235714,0.289546833535
189,77,66,1,1,52.259998,0.0191350944943
190,77,46,10,30,26.6441113,1.31895066871
191,77,42,2,2,55.509995,0.0383267457535
192,77,45,7,9,40.6066654286,0.261760987247
193,77,62,1,1,58.766689,0.0170164427674
194,77,56,26,76.5,41.1043706538,2.08089687123
195,77,54,9,22,31.5480705556,0.71810003705
196,77,50,32,201.5,36.458308375,6.26859796385
197,77,60,15,26,49.5713048667,0.535730795126
198,77,52,5,35.5,31.1844918,1.10412097939
199,77,47,26,93,38.3577017308,2.49004381045
200,77,48,40,81,43.901948375,1.93085842457
201,77,58,20,56.5,52.7757915,1.18079910254
202,77,72,10,15,22.8033294,0.687812599147
203,77,57,20,32.5,44.3334212,0.786041143426
204,77,68,3,3,29.3833376667,0.103294070488
205,77,73,2,4,16.921796,0.234872738176
206,77,82,1,1,23.866669,0.0418994372445
207,77,35,1,2,47.855884,0.0417921440966
208,77,36,1,1,73,0.013698630137
209,77,34,1,1,58.900002,0.0169779281162
210,77,12,1,1,33.399998,0.0299401215533
211,77,11,2,2.5,38.425005,0.0648673105384
212,75,71,4,6,29.12500725,0.207335512883
213,75,53,5,8,55.149011,0.14873769062
214,75,49,11,14.5,37.7681804545,0.404682779411
215,75,65,2,2,21.0000025,0.0976494255529
216,75,59,13,16.5,40.6602533077,0.427763763978
217,75,69,1,1,40.600033,0.024630521852
218,75,74,15,24,29.7815589333,1.13862156265
219,75,55,7,19,19.6677362857,0.992356536541
220,75,63,2,2,53.9999695,0.0375647098004
221,75,41,2,2.5,75.8249965,0.0328179596504
222,75,64,2,2,25.424997,0.0923068822608
223,75,44,1,2,16.700006,0.119760436014
224,75,70,1,1,25.100002,0.0398406342756
225,75,51,6,8,33.2754146667,0.25876719314
226,75,66,2,2,14.933333,0.13409962093
227,75,46,6,7.5,53.2166683333,0.153854235147
228,75,45,2,2,75.6499845,0.0265061996465
229,75,62,1,1,49.600002,0.0201612895096
230,75,56,23,46.5,38.8863805652,1.25761441414
231,75,54,9,24,23.8081471111,1.05777343027
232,75,50,29,79.5,39.2795247241,2.17301864665
233,75,60,14,18.5,36.012252,0.530668185876
234,75,52,5,8,90.1133458,0.090560940142
235,75,47,7,7.5,61.6142911429,0.128102584911
236,75,48,14,14,44.7154823571,0.326392290338
237,75,58,19,37,44.0550058947,0.921257868654
238,75,72,5,7,21.244998,0.370098213261
239,75,57,16,30,34.4328090625,0.912426122718
240,75,73,3,4,15.3466726667,0.261125569842
241,75,82,1,49,16.286222,3.00867813296
242,75,38,1,2,17.599997,0.113636383006
243,75,40,1,1,27.000002,0.0370370342936
244,75,35,1,6,27.745456,0.216251626933
245,75,39,1,4,29.44524,0.135845386215
246,75,37,1,2,17.200001,0.116279063007
247,75,36,1,1,57.516665,0.0173862653546
248,75,34,1,25,21.569382,1.15905036129
249,75,12,1,1,18.000002,0.0555555493827
250,75,33,3,4.5,46.4777776667,0.0990455148046
251,75,14,5,10,19.006666,0.529877776679
252,75,13,4,7,16.45833475,0.428157736879
253,75,16,3,5,59.1559886667,0.0855375565445
254,71,49,1,1,64.783334,0.0154360687889
255,71,67,8,14,53.3495855,0.263627360185
256,71,65,71,109.5,28.218330493,4.51856618543
257,71,59,45,61,22.9367041778,2.8596576384
258,71,69,71,128.5,32.0599485775,5.29633765811
259,71,74,19,33.5,31.1855507895,1.24617149578
260,71,55,1,1,29.3,0.0341296928328
261,71,63,15,20.5,26.0272194,0.940577620604
262,71,64,14,21.5,22.2774994286,1.02162251326
263,71,70,60,83.5,30.6521464,3.55452759308
264,71,66,16,24,28.134482125,0.923468120057
265,71,62,3,3,30.3999876667,0.100322938816
266,71,50,4,4,54.90002775,0.0733743206864
267,71,60,5,8,30.1200082,0.29938709598
268,71,58,22,35.5,33.6896256818,1.10383409815
269,71,72,89,118.5,25.7087343371,5.84230977291
270,71,57,29,32,19.1759723103,1.83426454496
271,71,68,10,13,65.0964424,0.200272362734
272,71,73,14,18.5,17.6999987857,1.08499157655
273,53,49,40,60,26.454030075,2.50037972084
274,53,74,9,12,23.0130137778,0.536608143019
275,53,55,35,66,67.5303223714,0.999182325186
276,53,41,10,11,44.8783354,0.28637381226
277,53,44,13,15,38.6794915385,0.407651928335
278,53,51,15,19.5,53.5540041333,0.38237026731
279,53,46,33,53,34.2173071818,1.58751751174
280,53,45,6,9.5,28.1882971667,0.360907503429
281,53,56,1,2,37.200027,0.0537634018384
282,53,54,45,73,38.3431754,2.15207354574
283,53,50,20,24,41.16370925,0.645651561429
284,53,60,21,28,73.0776856667,0.38909791355
285,53,52,25,37,25.89753688,1.55762980021
286,53,47,56,77.5,28.330829125,2.99287445992
287,53,48,123,169,25.1847306748,7.79495410166
288,53,58,9,11,77.3546291111,0.147533882791
289,53,57,1,1,84,0.0119047619048
290,53,35,5,10,17.3566644,0.684785568725
291,53,12,4,4.5,13.88749925,0.328405262486
292,53,11,6,7,19.633334,0.38219328686
293,49,65,1,2,73.779993,0.0271076198123
294,49,59,30,47,70.9307741667,0.683965335105
295,49,74,47,75,30.722265,2.77970562748
296,49,55,3,5.5,64.0833293333,0.0854834242638
297,49,63,4,10.5,83.41978175,0.126417880477
298,49,41,39,62,58.3228259744,1.0920171315
299,49,64,11,28.5,73.3035673636,0.389478096446
300,49,44,11,12.5,58.1787899091,0.217365338054
301,49,51,29,43.5,40.5185370345,1.24679182397
302,49,66,2,7,74.075003,0.0948767795371
303,49,46,42,56.5,25.6113813333,2.39180653738
304,49,42,6,10.5,53.4601026667,0.201203322345
305,49,45,22,27,38.7993160909,0.742718501935
306,49,62,4,8,82.78750775,0.100848213284
307,49,56,46,71,36.557888413,2.09486673316
308,49,54,30,44.5,31.2798467333,1.60154364075
309,49,50,184,302,25.865423788,12.934030583
310,49,60,68,124,67.6603194853,1.88462449412
311,49,52,25,29.5,48.36600116,0.632998696303
312,49,47,206,290,38.3446121699,9.62914354911
313,49,48,208,345,33.4998074375,12.0992819713
314,49,58,82,168,61.0843758415,2.96586076026
315,49,72,2,4,50.949995,0.0786903027453
316,49,57,21,43.5,47.3858508571,0.975527314619
317,49,35,1,2,46.400005,0.0431034436311
318,49,12,1,1,34.000008,0.0294117577855
319,61,65,9,9,25.5574016667,0.360523675409
320,61,59,20,27,20.7491689,1.373026451
321,61,55,2,2,19.0666715,0.107437990045
322,61,63,87,113.5,19.062164931,6.30655520071
323,61,64,23,26,19.4818825652,1.38498559059
324,61,62,45,53,15.1601860222,3.6581972652
325,61,60,16,16.5,15.4602135,1.1211904085
326,61,58,56,67,15.0436398571,4.77952262315
327,67,65,19,21,23.9114023158,1.13803932602
328,67,59,4,4,61.43333875,0.0655919878104
329,67,69,11,11.5,25.0045483636,0.685976960087
330,67,74,11,12,20.4787902727,0.627303999615
331,67,63,2,2.5,59.125002,0.0429286152506
332,67,70,10,11,30.6526659,0.492910432423
333,67,66,10,10,18.0110014,0.595847705062
334,67,72,29,33,26.056323069,1.62462243589
335,67,68,8,8,14.387501625,0.579725910213
336,43,41,7,7,22.3471484286,0.394570777436
337,43,44,13,13.5,17.1864081538,0.86370413687
338,43,45,1,1,40.600014,0.0246305333786
339,43,52,3,4,22.3333326667,0.181720217476
340,43,47,6,6,23.8916658333,0.324513127163
341,43,48,7,7,17.1428604286,0.441407377024
342,65,59,174,249.5,36.8129960977,7.67924905623
343,65,69,158,186,22.1709828671,9.88547964257
344,65,74,21,27,34.8330750952,1.06980301452
345,65,55,3,3,28.5999956667,0.122811658271
346,65,63,160,223,25.099551925,10.7627257023
347,65,64,111,118.5,19.7837094505,6.59559235458
348,65,70,123,146.5,23.613203561,7.15401453309
349,65,66,42,42.5,20.4892872857,2.38711328301
350,65,62,30,37.5,23.1117205667,1.82487091425
351,65,56,2,2,61.900011,0.0325672856381
352,65,50,3,6,75.944451,0.0809089834316
353,65,60,15,18.5,24.8788908,0.784513922404
354,65,58,24,28.5,33.2730884167,0.947968967765
355,65,72,84,95,26.5242393095,4.36494781112
356,65,57,19,23,41.2328031053,0.602369768272
357,65,68,10,10.5,19.6025001,0.617521941214
358,65,73,5,7,35.013335,0.207639458421
359,59,69,62,89,38.8483867097,2.90120008629
360,59,74,65,152,43.6132084462,3.87466599403
361,59,55,30,36,30.4727333667,1.20014997306
362,59,63,188,255.5,24.1080329255,11.8418804211
363,59,64,131,163.5,30.3343735649,5.91675475727
364,59,70,33,41,35.6282525758,1.47747991176
365,59,51,1,1,34.300034,0.0291544900509
366,59,66,23,33,41.3668886087,0.855043108801
367,59,46,6,7.5,65.0983375,0.116502609696
368,59,62,57,80,23.9360188772,3.73007754598
369,59,56,14,23,41.4245238571,0.587139164695
370,59,54,2,4,31.939384,0.126005486601
371,59,50,29,48.5,54.7555506552,0.890663326938
372,59,60,120,173.5,22.345730925,8.41026788646
373,59,47,2,2.5,90.620849,0.0275026203827
374,59,58,137,185,21.2430849343,9.74841025434
375,59,72,85,149,37.0433223176,5.02310730815
376,59,57,143,198,20.1549135664,10.6292989792
377,59,68,2,4,76.3687595,0.0525441823758
378,59,73,23,43.5,35.7097652174,1.2769610788
379,69,74,19,28,27.0796491053,1.10864481788
380,69,55,1,1,31.799995,0.0314465458249
381,69,63,35,47.5,30.3289907714,1.77921666439
382,69,64,18,20,19.3225057778,1.12686951275
383,69,70,191,260,23.0082736021,13.5501151862
384,69,66,20,23.5,22.45125085,1.13625738616
385,69,62,4,4.5,25.736367,0.18842656227
386,69,60,4,4,27.46249725,0.172880734483
387,69,58,5,6,33.6616752,0.17931874536
388,69,72,96,128.5,30.3758515833,5.20955900502
389,69,57,11,19,40.2997753636,0.524686018557
390,69,68,10,10,14.6233305,0.709754026617
391,69,73,6,8,40.5722185,0.215456216285
392,74,55,19,21,31.2398264211,0.719473094344
393,74,63,16,30.5,53.5179755625,0.623468276337
394,74,41,33,38,25.9102030303,1.83453535552
395,74,64,14,15,46.7123848571,0.37366670893
396,74,44,10,12,26.4550056,0.49010125697
397,74,70,19,25,26.7526304211,1.02233718569
398,74,51,10,11,28.1766642,0.394745841675
399,74,66,3,3,20.633335,0.148210431387
400,74,46,50,60.5,28.77604974,2.90138636369
401,74,42,2,2,56.966657,0.0458432733484
402,74,45,20,24.5,41.1003584,0.757621387026
403,74,62,5,6.5,57.0333542,0.114822446843
404,74,56,78,101,26.2345150256,4.41587176462
405,74,54,22,27,31.7045445909,0.91260962589
406,74,50,134,199.5,30.2009741716,7.95841898153
407,74,60,32,41.5,37.1735483125,1.18016267842
408,74,52,10,15,24.5881685,0.63828196624
409,74,47,57,85,31.7103839474,3.13627758928
410,74,48,47,62.5,36.3084813191,1.78390929148
411,74,58,51,113,40.7026027451,3.39858441625
412,74,72,54,63,24.2822182222,3.08042725747
413,74,57,82,112.5,30.3984383049,4.31495254003
414,74,68,12,15.5,29.5541676667,0.572936889455
415,74,73,9,9,25.4240753333,0.50470482946
416,74,82,5,6,28.1800012,0.225505972452
417,74,35,2,2.5,42.7249955,0.0589880775776
418,74,39,1,1,48.612499,0.0205708412563
419,74,34,1,2,54,0.037037037037
420,74,11,1,1,27.400013,0.0364963330492
421,55,63,10,12.5,34.0083296,0.383471818962
422,55,41,1,1,118.200027,0.00846023495409
423,55,64,14,14,16.7249996429,0.895263954258
424,55,44,2,3,96.523334,0.0316680233393
425,55,51,1,1,12.799997,0.0781250183106
426,55,66,7,8.5,19.3654765714,0.478718181545
427,55,46,3,5.5,81.2666753333,0.0673518449057
428,55,45,1,1,83.200005,0.0120192300469
429,55,62,2,2,23.724981,0.0863717231012
430,55,56,16,21,38.0893755625,0.577631591849
431,55,54,57,71,29.5896505088,2.89814205016
432,55,50,10,12,48.6366658,0.272330818821
433,55,60,72,85.5,19.0238016528,4.9044764688
434,55,52,27,59,93.6006389259,0.638936000571
435,55,48,9,16.5,65.5692362222,0.264243915688
436,55,58,86,115.5,30.8417792093,3.94516965766
437,55,72,7,8,29.9428567143,0.270740603655
438,55,57,53,76,37.8055047925,2.06150030018
439,55,82,3,3,16,0.188195803434
440,55,35,4,5,22.0458295,0.227951402253
441,55,39,4,4.5,20.2604175,0.221104323174
442,55,34,5,6,20.564225,0.292803230721
443,55,33,1,1,34.100002,0.0293255114765
444,55,14,10,10.5,12.8830012,0.825534689624
445,55,16,1,1,38.599998,0.0259067370936
446,63,64,247,319,22.1070566478,15.7148796749
447,63,70,16,20,21.762325625,0.992398610799
448,63,66,12,16,37.30786825,0.453195478127
449,63,62,136,201.5,17.7578259044,12.2838240751
450,63,56,3,4.5,66.6972386667,0.0672261051926
451,63,50,6,9,74.494471,0.118881906
452,63,60,38,51,22.8691966316,2.41843369543
453,63,58,90,106.5,21.8514868222,5.44438240852
454,63,72,14,23.5,40.4829374286,0.620247824459
455,63,57,12,20,41.0269858333,0.469333450199
456,63,68,1,1,77.399986,0.0129198989778
457,63,73,6,10.5,49.5051268333,0.233455900662
458,41,44,109,122,18.898011211,7.21965230549
459,41,51,8,14.5,97.33124925,0.148941837901
460,41,46,28,30.5,39.5040374643,0.847893383129
461,41,42,34,37,16.6940700294,2.35675568368
462,41,45,79,111,23.4584220127,5.62976019058
463,41,56,2,2,98.2000195,0.0204004428732
464,41,54,3,4.5,97.578565,0.0455199484817
465,41,50,19,37.5,80.418752,0.467875192575
466,41,60,19,30,121.023499105,0.251000066694
467,41,52,51,59.5,21.1670921961,3.04337199682
468,41,47,191,256,28.4570161466,10.4309791512
469,41,48,96,114,39.2195996875,3.28079449522
470,41,58,26,44,116.152925692,0.389977870574
471,41,72,1,2,103.540049,0.0193161971557
472,41,57,7,14,96.3550008571,0.146423122095
473,41,35,1,1.5,41.299995,0.0363196169878
474,41,11,1,1,25.800003,0.0387596854155
475,64,70,7,8,20.164283,0.406647736785
476,64,66,18,18,18.1592615556,1.0749210647
477,64,46,10,19.5,83.56584,0.238429717442
478,64,45,3,6,99.2333236667,0.0591930021763
479,64,62,72,79,17.3171065833,4.97492395685
480,64,56,6,12,56.4137465,0.227352189822
481,64,50,18,33,67.6449028333,0.50877368938
482,64,60,36,42,20.5405108056,2.27506119743
483,64,47,1,2,105.900013,0.018885738947
484,64,58,50,61.5,28.81603034,2.27650948127
485,64,72,10,12,23.5900025,0.522282767559
486,64,57,23,33.5,34.10884,1.00703441662
487,64,73,2,2,36.599991,0.0578382079811
488,44,51,5,7,89.4000136,0.0790311709182
489,44,46,9,9,45.1277763333,0.202904955724
490,44,42,2,2,26.5999965,0.0753968331286
491,44,45,27,39,32.6219357037,1.23740544104
492,44,54,10,18,78.458332,0.241371012965
493,44,50,3,4,75.75,0.0528768409248
494,44,60,1,1,106.799965,0.00936329894865
495,44,52,32,32,16.7728725,2.00509988754
496,44,47,97,116.5,25.6657674124,5.38927950331
497,44,48,81,98,34.0447225062,3.59094606369
498,44,58,7,7.5,112.904533286,0.0668980277984
499,44,82,1,1,27.120001,0.0368731549826
500,44,38,1,1,16.4,0.0609756097561
501,44,34,1,1,27.320001,0.0366032197437
502,70,66,15,20,21.4461096,0.992018811187
503,70,62,1,1,19.399998,0.0515463970666
504,70,60,1,1,17.000014,0.0588234809689
505,70,72,106,131.5,25.8254350566,6.13581033268
506,70,68,11,12,29.9325771818,0.540179203167
507,70,73,4,4,39.67499075,0.109045798148
508,51,46,2,2,69.5,0.0287770380011
509,51,56,74,102,18.8102229189,6.07130745382
510,51,54,15,15,16.1490502667,0.987263140573
511,51,50,116,200,18.9419520776,11.8723590282
512,51,60,48,57.5,20.7563333542,3.0777574192
513,51,52,10,13.5,80.9083299,0.16801685606
514,51,47,29,39.5,77.413933,0.519255506946
515,51,48,210,358,41.1702350095,11.0799753848
516,51,58,67,87.5,21.2803181194,4.80539686379
517,51,57,36,45.5,34.8075465278,1.35376749418
518,66,62,2,2,40.550001,0.0512934035082
519,66,56,1,1,65.400002,0.0152905194101
520,66,50,3,5.5,68.616682,0.0814357095564
521,66,60,7,7,28.4952362857,0.250085551134
522,66,58,4,4,50.90417225,0.0796948124005
523,66,72,21,26.5,19.8849237143,1.46846470581
524,66,57,8,13.5,38.4854215,0.373683510911
525,66,68,1,1,28.600004,0.0349650300748
526,66,82,3,3,12.500001,0.240390126403
527,46,42,7,9,37.2214221429,0.242183248527
528,46,45,56,77.5,21.8555919821,3.98081226881
529,46,56,23,36,32.380334,1.13763204492
530,46,54,3,3,43.333333,0.0774728665244
531,46,50,67,90,21.1236072687,4.96205803742
532,46,60,7,8.5,82.1049925714,0.104407985491
533,46,52,26,33,40.0346183846,0.84614050297
534,46,47,140,183,33.0763862857,6.60116241857
535,46,48,86,116,43.2352123605,2.80943434513
536,46,58,14,17.5,61.7461725,0.300303640958
537,46,72,6,9,62.1409516667,0.144532483054
538,46,57,50,88,52.44253402,1.7248294224
539,46,73,1,1,67.100014,0.0149031265478
540,46,35,1,2.5,49.475,0.0505305709955
541,42,45,23,25,15.1882264783,1.75645133278
542,42,50,2,3,77.66876,0.0379266953649
543,42,52,2,2,23.9500055,0.0835076517827
544,42,47,40,46.5,19.1888755,2.66148363501
545,42,48,2,2,47.874996,0.0417773856387
546,42,58,1,1,96.742889,0.0103366770451
547,42,57,1,3,94.92283,0.0316046203005
548,45,56,2,4,54.676197,0.0787106747532
549,45,50,14,20,44.8424494286,0.494206320688
550,45,60,8,11,95.322904875,0.11624645312
551,45,52,25,38,32.00670464,1.31484430407
552,45,47,123,188.5,25.8097870407,8.12904854246
553,45,48,50,73.5,41.41794238,1.92211519948
554,45,58,6,7.5,85.0180545,0.0918954182736
555,45,72,2,2.5,80.504162,0.0319450604196
556,45,57,11,21.5,71.579238,0.301999759992
557,45,35,2,4,44.079165,0.09084468963
558,62,56,1,1,58.50004,0.0170940054058
559,62,50,2,3,66.550011,0.049217591683
560,62,60,22,27.5,19.9301532727,1.53071129035
561,62,58,58,81.5,18.7632116897,4.77796435803
562,62,72,1,2,36.766665,0.0543971012873
563,62,57,4,5,36.1726255,0.137060875514
564,62,73,1,1,50.900011,0.0196463611766
565,56,54,65,90.5,31.2812896,3.01266550221
566,56,50,286,411,25.9443161748,18.8627081318
567,56,60,51,72,30.1836148235,3.02927666712
568,56,47,5,8.5,69.7766612,0.121701662104
569,56,48,43,68.5,44.278619186,1.67781661729
570,56,58,111,159,23.5799352883,8.06079406383
571,56,72,2,2,34.233336,0.0587192629609
572,56,57,212,317,28.5065383113,13.324312717
573,56,73,1,1,52.399982,0.0190839760212
574,54,50,91,126.5,28.8669705604,4.81554473372
575,54,60,36,43,28.2302344167,1.72265055629
576,54,52,43,91,64.6307423953,1.41892510185
577,54,47,22,34,73.3604239545,0.48649394349
578,54,48,103,158.5,38.1115911262,5.32369344417
579,54,58,42,66.5,28.5243615476,2.56674928882
580,54,72,1,1.5,33.74,0.0444576170717
581,54,57,58,113.5,36.7152447759,3.20458520191
582,54,38,4,9.5,33.14222125,0.303465880554
583,54,35,4,6,18.962499,0.376957128245
584,54,34,4,5,17.2206175,0.284806832704
585,54,12,1,1,24.966667,0.0400534040046
586,54,14,1,1.5,12.5,0.12
587,54,13,5,5,11.2866684,0.444093629118
588,54,11,2,2,46,0.0440857934213
589,50,60,82,143,46.2426281463,3.6464232993
590,50,52,9,11.5,75.1423097778,0.158300641432
591,50,47,63,99,57.7146049841,1.99061275446
592,50,48,274,455.5,37.5223154343,14.892307772
593,50,58,150,279,37.3433798467,9.00205360366
594,50,72,7,9,49.8542908571,0.185262207707
595,50,57,203,381,39.3699654975,10.2196096738
596,50,73,1,3,58.66667,0.0511363607309
597,60,52,18,29.5,99.7719345,0.297896681055
598,60,47,54,98.5,103.577904481,0.965314666077
599,60,48,59,91.5,70.4920912881,1.50969299454
600,60,58,371,577,17.8827124367,34.4740231375
601,60,72,15,19,31.7497794667,0.604527259893
602,60,57,87,126.5,36.765043069,3.61649056617
603,60,73,7,7,32.9354761429,0.216840618211
604,52,47,95,122,26.0305428947,5.11431421607
605,52,48,111,137,33.5335085586,4.94564403636
606,52,58,12,18.5,102.826986083,0.177765571046
607,52,38,3,3,19.9848483333,0.159059483875
608,52,35,5,8,22.3975042,0.441979667934
609,52,36,2,3.5,27.3749945,0.134432012848
610,52,12,5,5,20.3866634,0.256365861149
611,52,11,3,3,12.3333306667,0.244118445325
612,47,48,379,506.5,29.4074369894,21.3491478149
613,47,58,62,107.5,96.3598135806,1.18926070781
614,47,72,2,3.5,71.7250035,0.0498668259251
615,47,57,18,31,73.845285,0.430995216663
616,47,35,2,3.5,49.714285,0.070585972558
617,48,58,93,164,71.9597509355,2.58731923141
618,48,57,2,2,61.600027,0.0324678605275
619,58,72,32,62.5,35.4924075,1.8913781413
620,58,57,206,420.5,36.4415698447,12.9627989677
621,58,73,9,15,35.4713416667,0.438698923039
622,72,57,45,56.5,23.5119125333,2.7745666958
623,72,68,25,30.5,32.79266644,1.10866936173
624,72,73,57,64,17.096488807,4.22452553162
625,72,82,2,3,27.5500065,0.106859084155
626,57,73,5,5.5,24.9999974,0.225171721598
627,68,73,2,2,48.1500045,0.0415982676739
628,73,82,1,1,25.200003,0.0396825349584
629,82,38,1,4,28.399992,0.140845110097
630,82,40,1,2,21.914285,0.0912646705106
631,82,35,1,2,32.699997,0.0611620851219
632,82,39,1,2,12.699999,0.157480327361
633,82,37,1,2,24.304445,0.0822894742093
634,82,36,1,1,21.099993,0.0473933806518
635,82,34,1,35,16.680002,2.09832109133
636,82,33,2,2,22.255555,0.0904207321463
637,82,31,1,1,28.799999,0.0347222234279
638,82,16,1,1,27.000023,0.037037005487
639,82,32,1,1,26.25,0.0380952380952
640,38,40,1,2,16.899998,0.118343209271
641,38,35,1,2,14.200004,0.140845030748
642,38,39,1,7,26.280001,0.266362242528
643,38,37,1,2,12.600002,0.158730133535
644,38,36,1,2,13.03333,0.153452724668
645,38,34,1,5,16.745453,0.298588518328
646,38,12,6,10.5,42.2017825,0.258697499639
647,38,33,3,3,19.849999,0.159451135537
648,38,14,1,2,97.559985,0.020500208154
649,38,0,15,17,21.4511162667,0.86084077547
650,38,3,8,9,18.387498875,0.529585000981
651,38,25,1,1,31.399998,0.0318471357864
652,38,4,3,3.5,32.0777836667,0.111965808736
653,38,13,7,18,52.6452354286,0.370732852227
654,38,11,4,9,20.9208345,0.466460588405
655,38,6,7,8.5,41.2892812857,0.204949332561
656,38,7,1,2,49.000008,0.0408163198667
657,40,35,1,5,26.135001,0.191314322123
658,40,39,1,3,17.333331,0.173076946376
659,40,37,1,3,15.199997,0.197368460007
660,40,36,1,4,13.999999,0.285714306122
661,40,34,1,5,18.827272,0.265572197608
662,40,30,4,5,41.8125095,0.121581448923
663,40,8,1,2,47.299995,0.0422833025669
664,40,26,2,2,12.000003,0.166666625
665,40,24,4,4,12.5892885,0.323876471484
666,40,18,6,7,65.1296336667,0.110087771811
667,40,28,6,10,25.9183361667,0.667046284368
668,40,33,13,37.5,21.5507491538,2.21437896554
669,40,22,1,1,63.199978,0.0158227903181
670,40,0,3,3,20.6233363333,0.152072142039
671,40,23,1,1,45.100014,0.0221729421193
672,40,29,7,9,29.3102074286,0.470865626864
673,40,25,2,2.5,22.416666,0.112020914888
674,40,5,1,1,46.600014,0.0214592210208
675,40,15,1,1,59.399986,0.0168350208029
676,40,13,1,1,51,0.0196078431373
677,40,9,3,4.5,54.4111096667,0.0838484873491
678,40,31,12,13,22.3324986667,0.665229538384
679,40,16,3,5.5,50.5877873333,0.111839513676
680,40,27,3,3,14.6666656667,0.211210574479
681,40,32,1,2,35.800007,0.0558659108642
682,35,39,1,17,28.814836,0.589973859299
683,35,37,1,54,18.010348,2.99827632426
684,35,36,1,64,19.015876,3.36560882076
685,35,34,1,19,14.703846,1.2921789306
686,35,30,1,1,49.700018,0.0201207170589
687,35,12,6,41,12.4992615,3.31896384928
688,35,8,11,36.5,24.049126,1.734961882
689,35,2,1,2,40.200001,0.0497512425435
690,35,18,2,2,32.8500115,0.0625416215178
691,35,33,13,18,22.6589167692,0.940589729182
692,35,14,6,14.5,18.2656936667,0.915656027341
693,35,0,16,31.5,21.084999875,1.59962041291
694,35,3,9,19,19.3658715556,1.13147208418
695,35,10,5,5,33.0099948,0.171911700682
696,35,25,1,1,32.600004,0.030674842862
697,35,5,9,23,25.7024716667,1.00500460053
698,35,1,2,2,46.1000155,0.043418460443
699,35,4,8,13,26.444227375,0.528516452054
700,35,15,19,29,31.5317552105,0.974974073254
701,35,13,9,33,13.025662,2.57809282222
702,35,9,34,71,32.2828751176,2.48798598269
703,35,19,8,12,44.94791325,0.455069513903
704,35,11,4,38,15.57621,2.62752758023
705,35,6,26,58,29.4398776538,2.19000343227
706,35,7,39,77.5,30.7955913846,2.73923047594
707,35,17,10,17,47.2528533,0.443805927453
708,35,31,1,1,27.299999,0.0366300379718
709,35,16,16,32.5,29.5966019375,1.20868642611
710,35,32,1,1,15.100009,0.066225126091
711,39,37,1,11,19.0875,0.576293385724
712,39,36,1,4,20.896968,0.191415328769
713,39,34,1,53,15.668189,3.38265003058
714,39,30,6,23,26.0916706667,0.969635764548
715,39,12,6,13.5,88.0194446667,0.153394481221
716,39,8,4,6,56.24793025,0.107419570399
717,39,26,2,5,18.4200005,0.284930447424
718,39,24,17,21,23.2465657647,1.05474077079
719,39,18,26,57,44.845678,1.42453245661
720,39,28,16,25,19.4406276875,1.24883716087
721,39,33,15,35.5,30.472563,1.83156704267
722,39,14,6,16,19.4176858333,0.971451076822
723,39,22,12,16,46.0697063333,0.386486603947
724,39,23,8,9,19.297915875,0.577165598309
725,39,3,1,1,111.000008,0.00900900835971
726,39,29,17,26,23.8836198235,1.1025224135
727,39,10,2,3,49.5000025,0.0609935303412
728,39,25,6,8,12.7888895,0.63048348738
729,39,5,6,9.5,72.9655598333,0.128536897771
730,39,4,1,1,88.5,0.0112994350282
731,39,21,3,3,48.6499966667,0.0629746293559
732,39,15,15,28.5,57.7153531333,0.504544935902
733,39,13,9,14,45.2870374444,0.319685420257
734,39,9,23,42.5,61.7250454348,0.69258434743
735,39,19,15,26,28.2335878667,1.08381647407
736,39,11,4,8.5,109.032428,0.0784743370274
737,39,7,4,4,66.774996,0.0626634916493
738,39,17,19,28,54.4174506316,0.517964748377
739,39,31,16,34,22.8929165,1.75036154141
740,39,16,19,37.5,44.0697413684,0.955608045834
741,39,27,2,2,30.320007,0.0695878768313
742,39,32,2,4,21.616665,0.177686563418
743,37,36,1,8,14.270836,0.560583836854
744,37,34,1,7,15.199999,0.460526346087
745,37,30,2,3,28.075002,0.10430288623
746,37,12,5,5,39.460003,0.127310913112
747,37,8,9,13,42.0112437778,0.323848064634
748,37,18,8,10,53.204171375,0.194036342006
749,37,33,13,15.5,23.1679495385,0.731064038028
750,37,14,3,4,40.9472243333,0.0972244732314
751,37,0,6,6,48.6499906667,0.14102944553
752,37,3,1,2,39.799999,0.050251257544
753,37,10,4,7,45.71249675,0.156538856366
754,37,25,1,1,26.500001,0.0377358476326
755,37,5,8,14,35.893575375,0.414890392516
756,37,4,1,1,32.399986,0.0308642108673
757,37,15,19,32.5,48.9030323684,0.672401222412
758,37,13,9,13,38.040213,0.340310077958
759,37,9,34,75,47.085856,1.64704623461
760,37,19,4,6,51.550001,0.123154325784
761,37,11,3,5,40.7999883333,0.124186003821
762,37,6,15,15.5,47.8083371333,0.33245604807
763,37,7,18,25,52.7783117778,0.485773432669
764,37,17,8,17.5,56.358510875,0.326274837287
765,37,31,2,3,21.0999995,0.140196067205
766,37,16,13,19.5,47.2072739231,0.431077107114
767,37,32,1,2,24.571433,0.0813953341671
768,36,34,1,17,17.000002,0.999999882353
769,36,30,5,9,29.337018,0.316728653078
770,36,12,6,12,27.8050733333,0.429935948697
771,36,8,11,75,33.6396109091,2.68056529723
772,36,2,2,4,51.7000105,0.0774346061811
773,36,24,5,6.5,43.2050104,0.209082914072
774,36,18,24,48,53.983431,0.919426762326
775,36,28,6,7,28.8111168333,0.251259565349
776,36,33,16,70,14.499866375,4.6769241962
777,36,14,6,9.5,39.9109768333,0.241219995709
778,36,22,6,13,65.936668,0.202486519341
779,36,0,17,87.5,23.0772710588,3.87161973037
780,36,23,2,2.5,67.949989,0.0390812901313
781,36,3,11,36,29.0197167273,1.42342944924
782,36,29,5,5,30.3733346,0.176292412974
783,36,10,7,11,44.8489232857,0.256072623592
784,36,25,1,1,23.000015,0.0434782325142
785,36,5,9,41.5,25.4452945556,1.92976643546
786,36,1,3,3,39.822227,0.0753595897535
787,36,4,8,12,37.004577875,0.369413263365
788,36,21,1,2,64.699995,0.0309119034708
789,36,15,25,68,43.29777532,1.71205469733
790,36,13,9,24,34.0148167778,0.714802770678
791,36,9,34,235,38.2410078235,6.57317948034
792,36,19,13,21.5,51.4386486154,0.43387852587
793,36,11,4,26,29.412263,0.884876108401
794,36,6,27,112.5,38.0127417037,3.05116229791
795,36,7,38,76.5,44.5105071053,1.81474532619
796,36,17,20,50.5,58.95812475,0.977676050607
797,36,31,11,12,23.2090958182,0.556731718461
798,36,16,19,52,44.9183901579,1.30298049862
799,36,27,2,2,28.699999,0.0732142897003
800,36,32,2,3,20.0749995,0.150285454827
801,34,30,5,5,26.6080006,0.20238857202
802,34,12,4,5.5,70.200008,0.0780598418953
803,34,8,7,7,35.401435,0.201548127709
804,34,18,14,15,43.7303576429,0.350626623868
805,34,28,2,2,32.8500045,0.0620736467903
806,34,33,16,26,33.5265790625,1.21069597499
807,34,14,6,11.5,17.3841665,0.691270769008
808,34,0,2,2,54.6800095,0.0390955630095
809,34,23,1,1,41.200005,0.0242718417146
810,34,29,1,1.5,15.600004,0.096153821499
811,34,10,4,5.5,32.96250375,0.175294757472
812,34,25,3,3,15.322223,0.200585584894
813,34,5,3,3,37.8499933333,0.0825117665177
814,34,4,1,1,47.000004,0.0212765939339
815,34,15,19,32.5,38.990144,0.8649192709
816,34,13,9,19.5,23.8019295556,0.822871591325
817,34,9,28,55.5,40.37639425,1.41600092947
818,34,19,9,10,27.6943835556,0.373811487965
819,34,11,2,2.5,84.980002,0.030921588015
820,34,7,8,10.5,40.4652835,0.265187696901
821,34,17,7,11,42.6199401429,0.283569447037
822,34,31,5,7,24.8195132,0.304780848905
823,34,16,14,26,35.9548435714,0.813206723604
824,34,32,2,4,16.1749955,0.25029646987
825,30,24,61,78,26.4692640328,3.40755164833
826,30,18,63,82.5,23.4957923968,3.95686178891
827,30,28,63,102.5,32.7789207778,4.19750182955
828,30,33,21,30.5,29.8833058095,1.27721756315
829,30,14,5,7,36.9022276,0.188289025878
830,30,22,11,13,25.3090899091,0.579224100246
831,30,23,12,16,20.5909720833,0.838632122315
832,30,29,62,86.5,30.5907781129,3.75496591081
833,30,10,1,1,38.199993,0.0261780152682
834,30,25,13,21,24.799487,0.892147572977
835,30,21,1,1,31.000011,0.0322580530697
836,30,15,4,4,43.59499125,0.0925572856541
837,30,13,2,2,37.3700045,0.0537852544886
838,30,19,17,21,33.3897075882,0.667836815379
839,30,17,29,49,39.1569942414,1.28725640249
840,30,31,74,92,27.7326378514,4.3923165869
841,30,16,37,43,19.0498202703,2.48612055688
842,30,27,3,3,60.466686,0.0501215715955
843,30,32,11,14.5,15.6929011818,0.930080588506
844,12,8,33,43,27.1554517576,1.66412326385
845,12,33,6,8,23.3132913333,0.365884774617
846,12,14,36,59.5,68.6582373611,0.914486359653
847,12,0,4,5,28.874998,0.202155549025
848,12,3,13,18,33.2512853077,0.608931089299
849,12,10,8,12,52.084526,0.243548274947
850,12,5,36,53.5,32.6768046667,1.69812918614
851,12,4,15,18.5,33.0651925333,0.613273769099
852,12,13,54,88.5,37.2066433704,2.60072633144
853,12,9,12,16,37.88056,0.443790534366
854,12,19,26,35.5,63.9054465,0.571179575277
855,12,11,24,31,23.8484385833,1.4566831921
856,12,6,55,80,24.8937776545,3.25316056755
857,12,7,98,127,21.5813815612,6.40325425055
858,12,17,3,4,76.516673,0.0539779619409
859,8,24,1,1,76.399986,0.0130890076341
860,8,18,24,39,63.9730906667,0.640767210361
861,8,33,48,76,33.8418216042,2.71282737784
862,8,14,2,3,62.900009,0.0475237106574
863,8,0,25,32.5,54.96994492,0.594477339978
864,8,23,1,3,68.739999,0.043642712302
865,8,3,4,5.5,53.46251325,0.105727934438
866,8,10,26,45,42.6778408462,1.15087337085
867,8,5,37,46.5,26.7227432973,1.91189853446
868,8,1,9,11,52.1622273333,0.211556856543
869,8,4,22,24,36.9143197273,0.679877600366
870,8,15,62,87,36.5245925968,2.52444900799
871,8,13,28,45.5,29.0292553571,1.68363405579
872,8,9,189,313,26.6239888571,13.143940403
873,8,19,45,80.5,66.8061752889,1.22516848549
874,8,11,12,12.5,45.1780545,0.278526349768
875,8,6,156,215,37.9112186859,7.3131949508
876,8,7,172,304,30.064470686,11.4076955005
877,8,17,70,130,64.5540592,2.13114404033
878,8,16,27,44.5,45.7587887778,1.0495711454
879,20,24,6,6,23.2916686667,0.262013398949
880,20,18,10,12,16.5333339,0.752257191564
881,20,22,81,101,19.2311955926,5.62516046239
882,20,23,16,18.5,19.299893875,0.98607775526
883,20,21,49,56.5,14.9245841837,3.93264039655
884,20,19,15,15,13.7066713333,1.11543686663
885,20,17,56,68.5,14.5937192679,4.82776065939
886,26,24,9,9,14.3833354444,0.667624916557
887,26,18,1,1,56.999995,0.0175438611881
888,26,28,6,6,12.4877798333,0.481256303641
889,26,33,4,6,16.41500225,0.371152885155
890,26,29,6,6,15.7833316667,0.404642750971
891,26,25,8,8,19.091664,0.4480795512
892,26,31,13,16,20.0410250769,0.867935252683
893,26,27,3,3,12.6166633333,0.238196222773
894,2,0,8,8,15.1625,0.548195276198
895,2,3,11,11,15.1136317273,0.781253601942
896,2,6,3,3,12.6999976667,0.239907997943
897,2,7,5,5,14.5400028,0.353979459257
898,24,18,199,284.5,37.3966369347,8.5164857852
899,24,28,128,144,22.1180535547,7.84680132601
900,24,33,22,28.5,33.0739700455,1.09241337311
901,24,22,167,231.5,25.7698379281,11.1037337226
902,24,23,79,87,19.2295941899,4.93771416304
903,24,29,128,149.5,23.0167530547,7.3727423426
904,24,25,32,32.5,18.7677625625,1.96021632187
905,24,21,29,33,21.7310348621,1.6956222289
906,24,15,1,2,61.899986,0.0323101850136
907,24,9,4,5.5,80.34999075,0.0690195550595
908,24,19,14,16.5,24.1213442143,0.761758275078
909,24,17,32,49,35.8393829688,1.46566074727
910,24,31,61,66.5,25.6066235738,3.14661142234
911,24,16,7,8.5,35.8904771429,0.245643495358
912,24,27,6,6,16.2305536667,0.38730212466
913,24,32,2,3,38.550007,0.0760773522643
914,18,28,96,143,40.52578175,4.21423194698
915,18,33,79,187,47.1386226835,4.51706131843
916,18,14,25,33.5,33.68244224,1.04655293482
917,18,22,181,234.5,25.329490779,10.5673725963
918,18,23,115,154,29.1351202174,5.70057261841
919,18,29,58,78.5,35.3376591379,2.95832415337
920,18,10,7,10,25.9895291429,0.42639718796
921,18,25,34,49.5,41.2875504118,1.2360273384
922,18,5,28,33.5,70.7363158214,0.484314275566
923,18,4,3,4,83.1288943333,0.0494512677275
924,18,21,56,71.5,23.080796125,3.38521788167
925,18,15,39,60,42.8928579487,1.60377575489
926,18,13,5,8,28.7683352,0.289064535784
927,18,9,52,72,53.8434296731,1.50426014589
928,18,19,157,230,22.8566646115,11.2008078395
929,18,6,4,4,82.54042825,0.0495365298093
930,18,17,194,272,23.9530357062,12.7512031923
931,18,31,84,134.5,38.0093452262,4.34565279304
932,18,16,188,284.5,22.6426495851,14.0818539968
933,18,27,1,2.5,71.275009,0.0350754077071
934,18,32,32,64,33.9823446562,1.94661907842
935,28,33,26,40,27.6622351538,1.58864683251
936,28,22,39,46.5,30.6524791026,1.84444012024
937,28,23,15,16,21.0164456,0.850065473905
938,28,29,230,315.5,24.1159136609,16.1855072405
939,28,25,20,23.5,20.02825155,1.26539844756
940,28,21,4,4,23.08571175,0.190472116085
941,28,19,3,3,19.016664,0.16018804171
942,28,17,5,7,28.9276106,0.237234338828
943,28,31,87,109,26.5585524368,4.93002766256
944,28,27,6,6,14.7166698333,0.439682310415
945,28,32,2,2.5,45.524993,0.0544029336606
946,33,14,20,22,38.16166735,0.647455818249
947,33,22,22,40,58.3395597273,0.7167478574
948,33,0,43,49,22.0376751163,2.6219851039
949,33,23,8,11,47.490629625,0.255166810838
950,33,3,6,7,24.9680533333,0.297671085641
951,33,29,30,39.5,27.0153268,1.68074509649
952,33,10,9,11,36.1644493333,0.317931112766
953,33,25,3,3.5,20.41667,0.181120861398
954,33,5,34,44,22.7611539706,2.39347272343
955,33,1,5,6,31.1399964,0.191058996586
956,33,4,18,19,29.0648133889,0.764029023919
957,33,21,4,4,59.02500625,0.0681800084516
958,33,15,79,88.5,30.5227944177,3.48846476373
959,33,13,23,24.5,28.7128006957,0.876553013201
960,33,9,159,221,34.083854717,7.71511577989
961,33,19,27,34,39.7987466667,0.9383353609
962,33,11,8,10.5,25.74438325,0.430448847266
963,33,6,63,89,30.6800926667,3.31315632095
964,33,7,51,67.5,36.9868039608,1.92588863616
965,33,17,45,79.5,46.6486867556,1.97721775777
966,33,31,54,71,23.4484157963,3.48118130491
967,33,16,78,103,32.2030430513,3.64013473468
968,33,27,10,13,24.6166691,0.586535549994
969,33,32,5,5,24.3699992,0.270916160177
970,14,22,3,3.5,35.233336,0.102668430563
971,14,23,12,12,16.4562514167,0.790993366425
972,14,10,3,3,18.3666696667,0.164719757334
973,14,25,6,6,18.3361126667,0.346047260764
974,14,5,3,4,68.6666693333,0.0597800849778
975,14,21,1,1,25.924995,0.038572813611
976,14,15,14,16,34.6000848571,0.481412978418
977,14,13,47,62,30.4247878085,2.38072515111
978,14,9,8,10,41.55000325,0.242976325376
979,14,19,63,75.5,18.2390219206,4.48031174493
980,14,11,19,34,88.1828156316,0.39090092199
981,14,7,8,11.5,57.297908,0.204948370894
982,14,17,61,89,33.6035302787,2.7809467531
983,14,31,1,2,37.799995,0.0529100599087
984,14,16,41,53.5,36.5232173415,1.53253481733
985,14,32,1,1,29.400003,0.0340136019714
986,22,23,254,325.5,22.3724829803,15.8179147948
987,22,29,24,30.5,29.219720375,1.25344422602
988,22,25,11,12.5,35.6249949091,0.377009897334
989,22,21,155,217,18.2137542581,12.8962911779
990,22,9,3,5,85.4064576667,0.0592838571841
991,22,19,64,91.5,22.2404521875,4.45850305804
992,22,17,86,103,21.4799681163,5.18526345862
993,22,31,9,14.5,42.8133364444,0.344150451531
994,22,16,5,6,49.6400072,0.123834706233
995,22,32,1,1,48.200024,0.0207468776364
996,0,3,104,117.5,16.7424682788,7.66866604672
997,0,10,5,7,96.0214278,0.072660776277
998,0,5,26,29,39.8778861923,0.775969233338
999,0,1,33,39,16.3664372121,2.55551218478
1000,0,4,72,107,23.9656575417,5.11504461122
1001,0,13,4,6,85.730003,0.0689835234965
1002,0,9,10,12.5,78.8338389,0.163224426093
1003,0,19,4,4,116.53332875,0.0344827066843
1004,0,11,36,41,18.4857468333,2.28000325229
1005,0,6,165,217,27.5957597333,9.07263546453
1006,0,7,78,102.5,40.4059700513,3.14879782909
1007,0,17,7,12,106.489048286,0.115918298033
1008,0,16,3,5,91.1888993333,0.0572503325115
1009,23,29,9,10.5,19.3367743333,0.549567289815
1010,23,25,17,17,17.7705874118,1.04065856792
1011,23,5,6,13.5,78.5651495,0.172195776395
1012,23,4,1,2,95.678923,0.020903245326
1013,23,21,79,85,15.5066310127,5.82584517608
1014,23,15,6,13.5,58.2700311667,0.242315544475
1015,23,9,10,22,71.4578623,0.30877245734
1016,23,19,42,45,19.8026624286,2.51274124123
1017,23,6,1,4,97.213333,0.0411466192605
1018,23,17,44,61,28.8236943182,2.27987155313
1019,23,31,5,5,26.2699984,0.198303408255
1020,23,16,28,50,39.3079943929,1.29395922753
1021,23,32,1,1,43.999992,0.0227272768595
1022,3,10,2,2,88.300032,0.0226667935248
1023,3,5,2,2,47.5500135,0.0423532432785
1024,3,1,2,2.5,26.3000045,0.098207458654
1025,3,4,17,23.5,32.3285720588,0.766147901792
1026,3,13,8,12.5,74.322700375,0.169392457707
1027,3,9,1,1,66.999966,0.0149253807084
1028,3,11,19,19.5,15.4842103684,1.33825302427
1029,3,6,68,83,22.3717909706,4.49405393686
1030,3,7,52,59.5,31.3962166923,2.44964577635
1031,3,17,1,1,99.549988,0.0100452046262
1032,29,25,21,24,21.3565418095,1.21284328974
1033,29,21,1,1,23.000013,0.0434782362949
1034,29,19,1,1,22.799993,0.0438596625885
1035,29,17,1,1.5,22.900001,0.0655021805458
1036,29,31,115,143.5,26.8060215913,6.72438779448
1037,29,16,1,1,22.799994,0.0438596606648
1038,29,27,6,6,26.425002,0.328557966396
1039,29,32,1,2,33.550013,0.0596124955302
1040,10,5,5,6.5,66.0100016,0.100050444321
1041,10,4,1,1,79.59996,0.0125628203833
1042,10,15,79,99,18.0420438101,6.10796577033
1043,10,13,12,13,16.4416678333,0.8669544536
1044,10,9,133,232.5,19.252982985,13.8160764599
1045,10,19,42,52.5,19.8129446905,2.90186284279
1046,10,11,5,7.5,78.1999848,0.097191654503
1047,10,6,36,54.5,80.7377560556,0.712073260499
1048,10,7,193,332.5,41.4794419896,10.1854333378
1049,10,17,70,109,20.3193375571,5.94932468036
1050,10,31,1,1,29.999996,0.0333333377778
1051,10,16,34,52,31.9748801176,1.73870455907
1052,25,21,1,1,28.300007,0.0353356803057
1053,25,19,8,8.5,28.157289625,0.323639196905
1054,25,17,6,7,49.1857096667,0.142727820031
1055,25,31,13,14.5,16.4282047692,0.903606867999
1056,25,16,6,8.5,43.411117,0.193488718149
1057,5,1,11,12.5,39.6931869091,0.320750240798
1058,5,4,61,78,20.0380351803,4.24527552128
1059,5,15,45,55.5,32.8067034222,1.96974954094
1060,5,13,6,9,40.6305525,0.258087543453
1061,5,9,90,118.5,21.7368927111,6.23824099529
1062,5,19,18,27,75.4916638889,0.360516432935
1063,5,11,17,20,38.5598818235,0.541508745162
1064,5,6,125,173.5,34.222274008,6.27294033276
1065,5,7,85,144.5,39.6227572353,3.81491819826
1066,5,17,22,35,73.6697017273,0.491680767133
1067,5,16,47,88,47.3571260851,1.90548011643
1068,1,4,28,30,17.7842852143,1.86716540469
1069,1,6,50,53.5,23.2995992,2.7360005003
1070,1,7,1,1,64.600021,0.0154798711288
1071,1,17,1,1,94.866659,0.0105411111822
1072,4,15,2,4,45.100008,0.0889230529664
1073,4,13,1,1,80.799957,0.0123762442101
1074,4,9,17,23.5,43.9619292353,0.6078473585
1075,4,19,3,5,96.4666443333,0.0521848818269
1076,4,11,26,40.5,33.3963219615,1.30666487151
1077,4,6,180,293,29.5245909056,11.2944911936
1078,4,7,60,90,41.2719950333,2.30503769595
1079,4,17,5,7,84.3266678,0.0831595237695
1080,4,16,18,24,69.5617586667,0.360441864906
1081,21,9,1,1,72.400024,0.0138121501175
1082,21,19,25,28,17.74067188,1.73920751907
1083,21,17,55,82,19.6214748727,4.6274413878
1084,21,31,1,1,34.200001,0.0292397652269
1085,21,16,4,8,44.2666735,0.180656480435
1086,21,32,1,2,50.5,0.039603960396
1087,15,13,49,71,31.9735219388,2.34287809739
1088,15,9,367,487,22.8135621226,24.507918586
1089,15,19,53,69.5,32.5005656226,2.77641515865
1090,15,11,1,1,83.249985,0.0120120141763
1091,15,6,7,12.5,81.8698477143,0.160002165123
1092,15,7,76,122,47.9990077105,2.81479806981
1093,15,17,94,125.5,22.0688359149,6.69282626303
1094,15,16,240,375,26.2790985167,16.2408202474
1095,13,9,89,125,27.8138758539,4.73853836143
1096,13,19,29,35,28.7523015517,1.54913714028
1097,13,11,33,67,61.2702736061,1.09801400983
1098,13,6,18,26,75.2589916667,0.370604966264
1099,13,7,89,134,37.3166793146,4.63358126686
1100,13,17,28,40,26.4899026429,1.61205826698
1101,13,16,65,118,35.3654070615,3.48505022706
1102,9,19,82,133.5,48.061512061,3.14977661666
1103,9,11,2,3,62.6999935,0.0495490899578
1104,9,6,62,102,52.8474132258,2.27655409384
1105,9,7,255,461,36.1135659843,14.7104444339
1106,9,17,137,251.5,40.6095085766,7.51811400505
1107,9,16,257,459,35.73931507,13.4506370365
1108,19,11,9,15.5,92.2944428889,0.168469995506
1109,19,6,34,70,99.6321336471,0.722388670319
1110,19,7,59,100.5,67.6759898305,1.65315829046
1111,19,17,377,595.5,18.3544869708,35.322091683
1112,19,31,4,4,34.7083435,0.117047813924
1113,19,16,85,121,34.9043690235,3.6457588357
1114,19,32,7,8,32.7952362857,0.246847604262
1115,11,6,64,82,24.4291471562,3.55618836608
1116,11,7,56,65.5,28.9387518393,2.72529195091
1117,11,17,4,4,97.275011,0.0413579057758
1118,6,7,413,559,30.4385772131,23.7494806822
1119,6,17,59,97,92.6083925424,1.09386705693
1120,6,16,24,44.5,71.7063489583,0.64473429193
1121,7,17,112,215.5,65.9356933571,3.55518805341
1122,7,16,9,15.5,58.4738166667,0.276232778776
1123,17,31,17,23,40.6093532353,0.592674689318
1124,17,16,173,327.5,37.2064328092,9.75253725169
1125,17,32,10,16,36.2173334,0.46660254404
1126,31,16,33,34,22.3187419091,1.83847343218
1127,31,27,12,13,26.51249825,0.596123566836
1128,31,32,36,40,14.3412034167,2.88693024716
1129,16,32,10,11.5,24.3394994,0.512694838976
