node_id,source_id,name,hemisphere,region,x,y,z
0,1,ctx-rh-lateralorbitofrontal,right,cortical,16.4566420469,48.5391466733,7.75627136297
1,2,ctx-rh-parsorbitalis,right,cortical,34.4978523812,56.6201693079,11.2962528305
2,3,ctx-rh-frontalpole,right,cortical,8.41425177838,82.5056464204,16.1698230682
3,4,ctx-rh-medialorbitofrontal,right,cortical,3.60352535527,56.0269999824,8.16652324545
4,5,ctx-rh-parstriangularis,right,cortical,39.3197041944,45.5401738383,24.3410993254
5,6,ctx-rh-parsopercularis,right,cortical,41.3588220128,25.9498191301,29.1619481996
6,7,ctx-rh-rostralmiddlefrontal,right,cortical,29.2237226745,55.0337533516,38.7848418091
7,8,ctx-rh-superiorfrontal,right,cortical,9.94754941317,41.0848953703,54.4431973883
8,9,ctx-rh-caudalmiddlefrontal,right,cortical,27.2244691937,22.3615543361,56.0356564362
9,10,ctx-rh-precentral,right,cortical,31.1100054239,-1.25265162988,53.7570564236
10,11,ctx-rh-paracentral,right,cortical,8.05301040746,-19.0644775791,56.1498752574
11,12,ctx-rh-rostralanteriorcingulate,right,cortical,4.25705999865,53.4596535592,22.6205491499
12,13,ctx-rh-caudalanteriorcingulate,right,cortical,4.71622793001,29.3392461229,40.0628081567
13,14,ctx-rh-posteriorcingulate,right,cortical,5.80588441123,-8.58272652518,43.5352080783
14,15,ctx-rh-isthmuscingulate,right,cortical,6.42242582448,-30.3992359472,24.9054807297
15,16,ctx-rh-postcentral,right,cortical,34.556060968,-14.7522883453,50.9379367032
16,17,ctx-rh-supramarginal,right,cortical,44.5665942106,-26.5117194547,40.0997253039
17,18,ctx-rh-superiorparietal,right,cortical,21.5557797714,-51.2858022753,49.8241477731
18,19,ctx-rh-inferiorparietal,right,cortical,38.9868984688,-53.4940644396,33.9346587325
19,20,ctx-rh-precuneus,right,cortical,10.4267265856,-46.0561336772,39.1165022173
20,21,ctx-rh-cuneus,right,cortical,6.83564663282,-69.7951758297,20.998254755
21,22,ctx-rh-pericalcarine,right,cortical,11.1813507871,-65.1413921392,11.3224002047
22,23,ctx-rh-lateraloccipital,right,cortical,28.9215269349,-70.6473034547,3.88919071531
23,24,ctx-rh-lingual,right,cortical,11.6312252832,-54.2722513111,2.49657519365
24,25,ctx-rh-fusiform,right,cortical,31.7005805935,-27.5450154508,-5.60129178889
25,26,ctx-rh-parahippocampal,right,cortical,21.1942406841,-15.3937633175,-1.9074891628
26,27,ctx-rh-entorhinal,right,cortical,18.5568910439,8.05680120887,-10.1864500367
27,28,ctx-rh-temporalpole,right,cortical,21.358400906,30.2315593578,-10.9914468921
28,29,ctx-rh-inferiortemporal,right,cortical,41.106136476,-13.0569777048,-7.61822857307
29,30,ctx-rh-middletemporal,right,cortical,48.8105143504,-6.15716724429,0.849614453138
30,31,ctx-rh-bankssts,right,cortical,49.8277160313,-26.7832302707,16.9221271225
31,32,ctx-rh-superiortemporal,right,cortical,44.3803490664,3.91030070309,13.6127891813
32,33,ctx-rh-transversetemporal,right,cortical,36.4119095188,-8.70550097479,20.8937224528
33,34,ctx-rh-insula,right,cortical,28.1434868123,11.8159766666,18.524572984
34,35,Right-Thalamus-Proper,right,subcortical,9.0401441555,-6.69176680819,18.8959364452
35,36,Right-Caudate,right,subcortical,11.0588924563,15.314295204,28.0253288556
36,37,Right-Putamen,right,subcortical,19.6240192563,14.5570071378,17.9801181615
37,38,Right-Pallidum,right,subcortical,13.6113877116,9.30966286048,15.207931
38,39,Right-Accumbens-area,right,subcortical,2.96879631959,23.2734543491,9.78241473379
39,40,Right-Hippocampus,right,subcortical,19.8646431814,-8.82998797933,4.67885285943
40,41,Right-Amygdala,right,subcortical,15.7558061042,13.868348589,-0.176427407968
41,42,ctx-lh-lateralorbitofrontal,left,cortical,-19.7832410289,47.0317004025,6.8417133202
42,43,ctx-lh-parsorbitalis,left,cortical,-38.9047182627,49.8559370261,9.60810061957
43,44,ctx-lh-frontalpole,left,cortical,-5.71099229728,81.3369556038,19.9602975542
44,45,ctx-lh-medialorbitofrontal,left,cortical,-6.2920139132,55.7409043641,8.23329384614
45,46,ctx-lh-parstriangularis,left,cortical,-39.7284238342,40.4211171813,23.3573429321
46,47,ctx-lh-parsopercularis,left,cortical,-42.4154730889,25.3998712052,31.7682441527
47,48,ctx-lh-rostralmiddlefrontal,left,cortical,-29.7137608708,56.8350087884,36.5613241708
48,49,ctx-lh-superiorfrontal,left,cortical,-8.5702023427,36.9270892589,55.21899011
49,50,ctx-lh-caudalmiddlefrontal,left,cortical,-27.5447480759,17.9683846207,56.3540592375
50,51,ctx-lh-precentral,left,cortical,-32.1236965249,-3.61185921446,49.9119802954
51,52,ctx-lh-paracentral,left,cortical,-5.5458005627,-21.9814489522,57.293034074
52,53,ctx-lh-rostralanteriorcingulate,left,cortical,-6.27168229699,51.221025378,25.041167743
53,54,ctx-lh-caudalanteriorcingulate,left,cortical,-5.10430651587,27.5225843354,40.9897723555
54,55,ctx-lh-posteriorcingulate,left,cortical,-5.2885664869,-10.0279960341,42.3963050502
55,56,ctx-lh-isthmuscingulate,left,cortical,-5.12516585172,-32.2342096198,22.8651552345
56,57,ctx-lh-postcentral,left,cortical,-36.3225450755,-18.3068100698,48.7455195242
57,58,ctx-lh-supramarginal,left,cortical,-44.1590582366,-32.0023183757,38.8496953979
58,59,ctx-lh-superiorparietal,left,cortical,-17.430150085,-55.1247266044,46.6610355899
59,60,ctx-lh-inferiorparietal,left,cortical,-33.8591706266,-63.1951019477,31.3673690052
60,61,ctx-lh-precuneus,left,cortical,-7.83940854897,-47.6782915377,38.2743810149
61,62,ctx-lh-cuneus,left,cortical,-6.0055764369,-65.863177906,16.763700609
62,63,ctx-lh-pericalcarine,left,cortical,-11.8915541392,-62.8720063982,9.44359827394
63,64,ctx-lh-lateraloccipital,left,cortical,-26.5760395596,-76.0605046442,2.32480327754
64,65,ctx-lh-lingual,left,cortical,-13.7791781823,-53.1801151512,0.166255528463
65,66,ctx-lh-fusiform,left,cortical,-32.7424531639,-30.6811541417,-6.7653848904
66,67,ctx-lh-parahippocampal,left,cortical,-21.186771571,-15.7331853174,-2.93493995614
67,68,ctx-lh-entorhinal,left,cortical,-21.302837598,8.97535363868,-9.73226531799
68,69,ctx-lh-temporalpole,left,cortical,-27.4848680418,29.583981382,-9.41234908249
69,70,ctx-lh-inferiortemporal,left,cortical,-43.918189509,-19.9664333516,-7.32881683063
70,71,ctx-lh-middletemporal,left,cortical,-50.9064940519,-13.0313048154,2.00779363707
71,72,ctx-lh-bankssts,left,cortical,-47.9343638635,-38.3306015395,16.6994917537
72,73,ctx-lh-superiortemporal,left,cortical,-45.8874422354,-4.85107268321,13.8296530839
73,74,ctx-lh-transversetemporal,left,cortical,-37.7830108732,-13.831496194,20.3876156218
74,75,ctx-lh-insula,left,cortical,-29.1615532693,9.05614968756,19.2311313876
75,76,Left-Thalamus-Proper,left,subcortical,-9.9013429289,-7.2305729875,18.6564650566
76,77,Left-Caudate,left,subcortical,-11.8313364425,15.7259529736,27.000172995
77,78,Left-Putamen,left,subcortical,-21.0997357901,11.8783770433,17.8889020763
78,79,Left-Pallidum,left,subcortical,-15.9280596997,7.61095074495,14.7797471558
79,80,Left-Accumbens-area,left,subcortical,-5.41425449159,22.2377892778,9.83593863895
80,81,Left-Hippocampus,left,subcortical,-20.6932590381,-10.5687656503,3.87095109369
81,82,Left-Amygdala,left,subcortical,-18.7976815184,11.8595562292,0.827881162828
82,83,Brain-Stem,midline,subcortical,-0.547493040488,-12.7643709064,-12.6539865067
