scheme,diffusion_scaling,damkohler,min_concentration,max_concentration,last_stored_time,lobe_spread_years
nodal,1.0,0.6475,0,0.999998,40,3.87034e-07
nodal,0.05,12.9491,0,0.999998,40,0.652871
nodal,0.005,129.4911,0,0.999997,40,4.38006
be,1.0,0.6475,-0.000133721,0.999997,40,0.00837773
be,0.05,12.9491,-0.0798182,1.0206,40,6.17577
be,0.005,129.4911,-0.413895,1.17115,15.6,0
be_lumped,1.0,0.6475,0,0.999997,40,0.0267906
be_lumped,0.05,12.9491,0,0.999994,40,5.09445
be_lumped,0.005,129.4911,0,0.999997,40,9.37178
