model,scheme,dt,cells_per_edge,lobe_spread_years,t50_network_years,final_min,final_max
nodal,backward_euler,0.4,1,3.87034e-07,11.106067,0.999998,0.999998
fem,backward_euler,0.4,1,0.00837773,12.681565,0.999996,0.999997
fem,corti_semi_implicit,0.4,1,0.00757586,13.771712,0.999997,0.999998
fem,corti_semi_implicit,0.4,8,0.0390178,13.803231,0.999968,1.00015
fem,backward_euler,0.8,8,0.0297062,11.504393,0.999995,0.999995
fem,backward_euler,0.4,8,0.0340414,12.711152,0.999996,0.999997
fem,backward_euler,0.2,8,0.0365682,13.288228,0.999997,0.999997
fem,backward_euler,0.1,8,0.0378313,13.571047,0.999998,0.999998
fem,backward_euler,0.05,8,0.0384825,13.711177,0.999998,0.999998
